corridor_id,passport_iso,destination_iso,passport_slug,destination_slug,status,max_stay_days,fee_amount,fee_currency,official_portal,last_verified
AD-AZ,AD,AZ,andorra,azerbaijan,eVisa,30,25,USD,https://evisa.gov.az/en/,2026-09-04
AD-BJ,AD,BJ,andorra,benin,eVisa,30,,,https://evisa.bj/,2026-09-04
AD-GN,AD,GN,andorra,guinea,eVisa,90,100,USD,https://www.paf.gov.gn/visa,2026-09-04
AD-KH,AD,KH,andorra,cambodia,eVisa_or_voa,30,30,USD,https://www.evisa.gov.kh/,2026-09-04
AD-LA,AD,LA,andorra,laos,eVisa_or_voa,30,,,https://laoevisa.gov.la/faq,2026-09-04
AD-MN,AD,MN,andorra,mongolia,eVisa,30,51.5,USD,https://evisa.mn,2026-09-04
AD-MX,AD,MX,andorra,mexico,not_required,180,10,USD,https://consulmex.sre.gob.mx/saopaulo/index.php/visto-menu/visto-para-turista,2026-09-04
AD-NZ,AD,NZ,andorra,new-zealand,eta,90,35,,https://www.immigration.govt.nz/new-zealand-visas/apply-for-a-visa/tools-and-information/your-journey-to-new-zealand/before-you-travel-to-new-zealand/paying-ivl,2026-09-04
AD-SN,AD,SN,andorra,senegal,visa_on_arrival,90,,,http://www.visasenegal.sn/?lang=en,2026-09-04
AD-UZ,AD,UZ,andorra,uzbekistan,not_required,30,20,USD,https://web.archive.org/web/20181124014649/https://mfa.uz/en/consular/visa/,2026-09-04
AD-VN,AD,VN,andorra,vietnam,eVisa,30,25,USD,https://evisa.gov.vn,2026-09-04
AE-AZ,AE,AZ,united-arab-emirates,azerbaijan,not_required,90,25,USD,https://evisa.gov.az,2026-09-04
AE-BJ,AE,BJ,united-arab-emirates,benin,not_required,90,,,https://evisa.bj/,2026-09-04
AE-GN,AE,GN,united-arab-emirates,guinea,eVisa_or_voa,90,100,USD,https://www.paf.gov.gn/visa,2026-09-04
AE-IN,AE,IN,united-arab-emirates,india,eVisa_or_voa,30,25,USD,https://www.indembassyuae.gov.in/visa-on-arrival.php,2026-09-04
AE-KH,AE,KH,united-arab-emirates,cambodia,eVisa_or_voa,30,30,USD,https://www.evisa.gov.kh,2026-09-04
AE-LA,AE,LA,united-arab-emirates,laos,eVisa_or_voa,30,,,https://www.laoevisa.gov.la,2026-09-04
AE-MM,AE,MM,united-arab-emirates,myanmar,visa_required,,70,USD,https://evisa.moip.gov.mm/,2026-09-04
AE-MN,AE,MN,united-arab-emirates,mongolia,not_required,30,51.5,USD,https://evisa.mn/,2026-09-04
AE-MX,AE,MX,united-arab-emirates,mexico,not_required,180,10,USD,https://consulmex.sre.gob.mx/saopaulo/index.php/visto-menu/visto-para-turista,2026-09-04
AE-MY,AE,MY,united-arab-emirates,malaysia,not_required,90,,,https://malaysiavisa.imi.gov.my/,2026-09-04
AE-MZ,AE,MZ,united-arab-emirates,mozambique,eta,30,48,USD,https://evisa.gov.mz,2026-09-04
AE-NG,AE,NG,united-arab-emirates,nigeria,eVisa,30,,,https://evisa.immigration.gov.ng,2026-09-04
AE-NZ,AE,NZ,united-arab-emirates,new-zealand,eta,90,35,,https://www.immigration.govt.nz/new-zealand-visas/apply-for-a-visa/tools-and-information/your-journey-to-new-zealand/before-you-travel-to-new-zealand/paying-ivl,2026-09-04
AE-PH,AE,PH,united-arab-emirates,philippines,not_required,30,,,https://evisa.gov.ph/,2026-09-04
AE-SG,AE,SG,united-arab-emirates,singapore,not_required,30,,,,2026-09-04
AE-TH,AE,TH,united-arab-emirates,thailand,not_required,30,,,https://www.thaievisa.go.th/,2026-09-04
AE-UZ,AE,UZ,united-arab-emirates,uzbekistan,not_required,30,20,USD,https://e-visa.gov.uz/main,2026-09-04
AE-VN,AE,VN,united-arab-emirates,vietnam,eVisa,90,25,USD,https://evisa.gov.vn,2026-09-04
AF-BJ,AF,BJ,afghanistan,benin,eVisa,30,50,EUR,https://evisa.bj,2026-09-04
AF-GN,AF,GN,afghanistan,guinea,eVisa,90,100,USD,https://www.paf.gov.gn/visa,2026-09-04
AF-IN,AF,IN,afghanistan,india,eVisa,30,25,USD,https://indianvisaonline.gov.in/visa/tvoa.html,2026-09-04
AF-KH,AF,KH,afghanistan,cambodia,eVisa_or_voa,30,30,USD,https://www.evisa.gov.kh,2026-09-04
AF-TH,AF,TH,afghanistan,thailand,eVisa,60,,,https://www.thaievisa.go.th,2026-09-04
AF-VN,AF,VN,afghanistan,vietnam,eVisa,90,25,USD,https://evisa.gov.vn,2026-09-04
AG-BJ,AG,BJ,antigua-and-barbuda,benin,not_required,90,,,https://evisa.bj/,2026-09-04
AG-IN,AG,IN,antigua-and-barbuda,india,eVisa,60,25,USD,https://indianvisaonline.gov.in/evisa/tvoa.html,2026-09-04
AG-KH,AG,KH,antigua-and-barbuda,cambodia,eVisa_or_voa,30,30,USD,https://www.evisa.gov.kh,2026-09-04
AG-LA,AG,LA,antigua-and-barbuda,laos,eVisa_or_voa,30,,,https://www.laoevisa.gov.la,2026-09-04
AG-MN,AG,MN,antigua-and-barbuda,mongolia,eVisa,30,51.5,USD,https://evisa.mn,2026-09-04
AG-MX,AG,MX,antigua-and-barbuda,mexico,visa_required,,10,USD,https://consulmex.sre.gob.mx/saopaulo/index.php/visto-menu/visto-para-turista,2026-09-04
AG-UZ,AG,UZ,antigua-and-barbuda,uzbekistan,not_required,30,20,USD,https://e-visa.gov.uz/main,2026-09-04
AG-VN,AG,VN,antigua-and-barbuda,vietnam,eVisa,90,25,USD,https://evisa.gov.vn/,2026-09-04
AL-AZ,AL,AZ,albania,azerbaijan,not_required,90,25,USD,https://evisa.gov.az,2026-09-04
AL-BJ,AL,BJ,albania,benin,eVisa,30,50,EUR,https://evisa.gouv.bj/en/,2026-09-04
AL-GN,AL,GN,albania,guinea,eVisa,90,100,USD,https://www.paf.gov.gn/visa,2026-09-04
AL-IN,AL,IN,albania,india,eVisa,30,25,USD,https://indianvisaonline.gov.in/evisa/tvoa.html,2026-09-04
AL-KH,AL,KH,albania,cambodia,eVisa_or_voa,30,30,USD,https://www.evisa.gov.kh,2026-09-04
AL-LA,AL,LA,albania,laos,eVisa_or_voa,30,,,https://www.laoevisa.gov.la,2026-09-04
AL-MM,AL,MM,albania,myanmar,eVisa,28,70,USD,https://evisa.moip.gov.mm,2026-09-04
AL-MN,AL,MN,albania,mongolia,eVisa,30,51.5,USD,https://evisa.mn,2026-09-04
AL-MX,AL,MX,albania,mexico,visa_required,,10,USD,https://consulmex.sre.gob.mx/saopaulo/index.php/visto-menu/visto-para-turista,2026-09-04
AL-UZ,AL,UZ,albania,uzbekistan,eVisa,30,20,USD,https://e-visa.gov.uz,2026-09-04
AL-VN,AL,VN,albania,vietnam,eVisa,90,25,USD,https://evisa.gov.vn,2026-09-04
AM-GN,AM,GN,armenia,guinea,eVisa,90,100,USD,https://www.paf.gov.gn/visa,2026-09-04
AM-IN,AM,IN,armenia,india,eVisa,30,25,USD,https://indianvisaonline.gov.in/visa/tvoa.html,2026-09-04
AM-KH,AM,KH,armenia,cambodia,eVisa_or_voa,30,30,USD,https://www.evisa.gov.kh,2026-09-04
AM-LA,AM,LA,armenia,laos,eVisa_or_voa,30,,,https://laoevisa.gov.la,2026-09-04
AM-MN,AM,MN,armenia,mongolia,eVisa,30,51.5,USD,https://evisa.mn,2026-09-04
AM-TH,AM,TH,armenia,thailand,eVisa_or_voa,60,,,https://www.thaievisa.go.th,2026-09-04
AM-UZ,AM,UZ,armenia,uzbekistan,not_required,90,20,USD,https://e-visa.gov.uz/main,2026-09-04
AM-VN,AM,VN,armenia,vietnam,eVisa,90,25,USD,https://evisa.gov.vn,2026-09-04
AO-GN,AO,GN,angola,guinea,eVisa,90,100,USD,https://www.paf.gov.gn/visa,2026-09-04
AO-IN,AO,IN,angola,india,eVisa,60,25,USD,https://indianvisaonline.gov.in/visa/tvoa.html,2026-09-04
AO-KH,AO,KH,angola,cambodia,eVisa_or_voa,30,30,USD,https://www.evisa.gov.kh/,2026-09-04
AO-LA,AO,LA,angola,laos,eVisa_or_voa,30,,,https://www.laoevisa.gov.la,2026-09-04
AO-UZ,AO,UZ,angola,uzbekistan,eVisa,30,20,USD,https://e-visa.gov.uz/main,2026-09-04
AO-VN,AO,VN,angola,vietnam,eVisa,90,25,USD,https://evisa.gov.vn/,2026-09-04
AR-AZ,AR,AZ,argentina,azerbaijan,eVisa,30,25,USD,https://evisa.gov.az,2026-09-04
AR-CD,AR,CD,argentina,dr-congo,eVisa,7,,,https://evisa.gouv.cd,2026-09-04
AR-CI,AR,CI,argentina,ivory-coast,eVisa,90,,,https://snedai.com/e-visa/,2026-09-04
AR-CU,AR,CU,argentina,cuba,eVisa,90,,,https://evisacuba.cu,2026-09-04
AR-GA,AR,GA,argentina,gabon,eVisa,90,,,https://evisa.dgdi.ga,2026-09-04
AR-GN,AR,GN,argentina,guinea,eVisa,90,100,USD,https://www.paf.gov.gn/visa,2026-09-04
AR-GQ,AR,GQ,argentina,equatorial-guinea,eVisa,,75,USD,https://equatorialguinea-evisa.com/,2026-09-04
AR-IN,AR,IN,argentina,india,eVisa,30,25,USD,https://indianvisaonline.gov.in/evisa/tvoa.html,2026-09-04
AR-KH,AR,KH,argentina,cambodia,eVisa_or_voa,30,30,USD,https://www.evisa.gov.kh,2026-09-04
AR-LA,AR,LA,argentina,laos,eVisa_or_voa,30,,,https://laoevisa.gov.la,2026-09-04
AR-LR,AR,LR,argentina,liberia,eVisa_or_voa,90,,,https://visaonarrival.lis.gov.lr,2026-09-04
AR-MM,AR,MM,argentina,myanmar,eVisa,28,70,USD,https://evisa.moip.gov.mm,2026-09-04
AR-MN,AR,MN,argentina,mongolia,not_required,90,51.5,USD,https://evisa.mn/,2026-09-04
AR-MR,AR,MR,argentina,mauritania,eVisa,30,,,https://anrpts.gov.mr/en,2026-09-04
AR-MX,AR,MX,argentina,mexico,not_required,180,40,USD,https://travel.state.gov/content/passports/en/country/mexico.html,2026-09-04
AR-NG,AR,NG,argentina,nigeria,eVisa,30,,,https://evisa.immigration.gov.ng,2026-09-04
AR-NZ,AR,NZ,argentina,new-zealand,not_required,90,35,,https://www.immigration.govt.nz/new-zealand-visas/apply-for-a-visa/tools-and-information/your-journey-to-new-zealand/before-you-travel-to-new-zealand/paying-ivl,2026-09-04
AR-SN,AR,SN,argentina,senegal,visa_on_arrival,30,,,https://travel.state.gov/content/passports/en/country/senegal.html,2026-09-04
AR-ST,AR,ST,argentina,sao-tome-and-principe,eVisa,15,,,http://www.smf.st/evisa/,2026-09-04
AR-UG,AR,UG,argentina,uganda,eVisa,90,,,https://visas.immigration.go.ug,2026-09-04
AR-UZ,AR,UZ,argentina,uzbekistan,not_required,30,20,USD,https://e-visa.gov.uz/main,2026-09-04
AR-VN,AR,VN,argentina,vietnam,eVisa,90,25,USD,https://evisa.gov.vn,2026-09-04
AT-AZ,AT,AZ,austria,azerbaijan,eVisa,30,25,USD,https://evisa.gov.az,2026-09-04
AT-GN,AT,GN,austria,guinea,eVisa,90,100,USD,https://www.paf.gov.gn/visa,2026-09-04
AT-IN,AT,IN,austria,india,eVisa,30,25,USD,https://indianvisaonline.gov.in/evisa/tvoa.html,2026-09-04
AT-KH,AT,KH,austria,cambodia,eVisa_or_voa,30,30,USD,https://www.evisa.gov.kh,2026-09-04
AT-LA,AT,LA,austria,laos,eVisa_or_voa,30,,,https://laoevisa.gov.la,2026-09-04
AT-MM,AT,MM,austria,myanmar,eVisa,28,70,USD,https://evisa.moip.gov.mm,2026-09-04
AT-MN,AT,MN,austria,mongolia,not_required,30,51.5,USD,https://evisa.mn/,2026-09-04
AT-MX,AT,MX,austria,mexico,not_required,180,10,USD,https://consulmex.sre.gob.mx/saopaulo/index.php/visto-menu/visto-para-turista,2026-09-04
AT-NA,AT,NA,austria,namibia,eVisa_or_voa,90,160,,https://eservices.mhaiss.gov.na/,2026-09-04
AT-SL,AT,SL,austria,sierra-leone,eVisa_or_voa,30,,,https://evisa.sl,2026-09-04
AT-UZ,AT,UZ,austria,uzbekistan,not_required,30,20,USD,https://e-visa.gov.uz/main,2026-09-04
AT-VN,AT,VN,austria,vietnam,eVisa,90,25,USD,https://evisa.xuatnhapcanh.gov.vn/web/guest/trang-chu-ttdt,2026-09-04
AU-AZ,AU,AZ,australia,azerbaijan,eVisa,30,25,USD,https://evisa.gov.az,2026-09-04
AU-GN,AU,GN,australia,guinea,eVisa,90,100,USD,https://www.paf.gov.gn/visa,2026-09-04
AU-GQ,AU,GQ,australia,equatorial-guinea,eVisa,30,75,USD,https://equatorialguinea-evisa.com,2026-09-04
AU-ID,AU,ID,australia,indonesia,eVisa_or_voa,30,,,https://evisa.imigrasi.go.id,2026-09-04
AU-IN,AU,IN,australia,india,eVisa,30,25,USD,https://indianvisaonline.gov.in/visa/tvoa.html,2026-09-04
AU-JP,AU,JP,australia,japan,not_required,90,,,https://www.evisa.mofa.go.jp,2026-09-04
AU-KH,AU,KH,australia,cambodia,eVisa_or_voa,30,30,USD,https://www.evisa.gov.kh,2026-09-04
AU-LA,AU,LA,australia,laos,eVisa_or_voa,30,,,https://laoevisa.gov.la,2026-09-04
AU-MM,AU,MM,australia,myanmar,eVisa,28,70,USD,https://evisa.moip.gov.mm,2026-09-04
AU-MN,AU,MN,australia,mongolia,not_required,30,51.5,USD,https://en.consul.mn/visa/c/83,2026-09-04
AU-MX,AU,MX,australia,mexico,not_required,180,10,USD,https://consulmex.sre.gob.mx/saopaulo/index.php/visto-menu/visto-para-turista,2026-09-04
AU-MY,AU,MY,australia,malaysia,not_required,90,,,https://malaysiavisa.imi.gov.my/,2026-09-04
AU-MZ,AU,MZ,australia,mozambique,eVisa_or_voa,30,190,USD,https://evisa.gov.mz,2026-09-04
AU-PH,AU,PH,australia,philippines,not_required,30,,,https://evisa.gov.ph/,2026-09-04
AU-SG,AU,SG,australia,singapore,not_required,90,,,,2026-09-04
AU-TH,AU,TH,australia,thailand,not_required,30,,,https://www.thaievisa.go.th/,2026-09-04
AU-UZ,AU,UZ,australia,uzbekistan,not_required,30,20,USD,https://e-visa.gov.uz/main,2026-09-04
AU-VN,AU,VN,australia,vietnam,eVisa,90,25,USD,https://evisa.gov.vn,2026-09-04
AZ-GN,AZ,GN,azerbaijan,guinea,eVisa,90,100,USD,https://www.paf.gov.gn/visa,2026-09-04
AZ-IN,AZ,IN,azerbaijan,india,eVisa,30,25,USD,https://indianvisaonline.gov.in/visa/tvoa.html,2026-09-04
AZ-KH,AZ,KH,azerbaijan,cambodia,eVisa_or_voa,30,30,USD,https://www.evisa.gov.kh,2026-09-04
AZ-LA,AZ,LA,azerbaijan,laos,eVisa_or_voa,30,,,https://laoevisa.gov.la,2026-09-04
AZ-TH,AZ,TH,azerbaijan,thailand,eVisa,60,,,https://www.thaievisa.go.th,2026-09-04
AZ-VN,AZ,VN,azerbaijan,vietnam,eVisa,90,25,USD,https://evisa.gov.vn,2026-09-04
BA-AZ,BA,AZ,bosnia-and-herzegovina,azerbaijan,not_required,30,25,USD,https://evisa.gov.az/en/countries,2026-09-04
BA-BJ,BA,BJ,bosnia-and-herzegovina,benin,eVisa,30,,,https://evisa.gouv.bj/en/,2026-09-04
BA-GN,BA,GN,bosnia-and-herzegovina,guinea,eVisa,90,100,USD,https://www.paf.gov.gn/visa,2026-09-04
BA-IN,BA,IN,bosnia-and-herzegovina,india,eVisa,30,25,USD,https://indianvisaonline.gov.in/evisa/tvoa.html,2026-09-04
BA-KH,BA,KH,bosnia-and-herzegovina,cambodia,eVisa_or_voa,30,30,USD,https://www.evisa.gov.kh,2026-09-04
BA-LA,BA,LA,bosnia-and-herzegovina,laos,eVisa_or_voa,30,,,https://www.laoevisa.gov.la,2026-09-04
BA-MM,BA,MM,bosnia-and-herzegovina,myanmar,eVisa,28,70,USD,https://evisa.moip.gov.mm,2026-09-04
BA-MN,BA,MN,bosnia-and-herzegovina,mongolia,eVisa,30,51.5,USD,https://en.consul.mn/visa/c/153,2026-09-04
BA-TH,BA,TH,bosnia-and-herzegovina,thailand,eVisa,60,,,https://www.thaievisa.go.th,2026-09-04
BA-UZ,BA,UZ,bosnia-and-herzegovina,uzbekistan,not_required,30,20,USD,https://e-visa.gov.uz/main,2026-09-04
BA-VN,BA,VN,bosnia-and-herzegovina,vietnam,eVisa,90,25,USD,https://evisa.xuatnhapcanh.gov.vn/web/guest/trang-chu-ttdt,2026-09-04
BB-AZ,BB,AZ,barbados,azerbaijan,eVisa,30,25,USD,https://evisa.gov.az,2026-09-04
BB-BJ,BB,BJ,barbados,benin,eVisa,30,,,https://evisa.bj/,2026-09-04
BB-GN,BB,GN,barbados,guinea,eVisa,90,100,USD,http://paf.gov.gn/visa/,2026-09-04
BB-IN,BB,IN,barbados,india,eVisa,30,25,USD,https://indianvisaonline.gov.in/visa/tvoa.html,2026-09-04
BB-KH,BB,KH,barbados,cambodia,eVisa_or_voa,30,30,USD,https://www.evisa.gov.kh,2026-09-04
BB-LA,BB,LA,barbados,laos,eVisa_or_voa,30,,,https://www.laoevisa.gov.la,2026-09-04
BB-MN,BB,MN,barbados,mongolia,eVisa,30,51.5,USD,https://en.consul.mn/visa/c/153,2026-09-04
BB-MX,BB,MX,barbados,mexico,not_required,180,10,USD,https://consulmex.sre.gob.mx/saopaulo/index.php/visto-menu/visto-para-turista,2026-09-04
BB-TH,BB,TH,barbados,thailand,eVisa,60,,,https://www.thaievisa.go.th,2026-09-04
BB-UZ,BB,UZ,barbados,uzbekistan,not_required,30,20,USD,https://e-visa.gov.uz/main,2026-09-04
BB-VN,BB,VN,barbados,vietnam,eVisa,90,25,USD,https://evisa.xuatnhapcanh.gov.vn/trang-chu-ttdt,2026-09-04
BD-AE,BD,AE,bangladesh,united-arab-emirates,visa_required,,,,https://smartservices.icp.gov.ae/echannels/web/client/guest/index.html#/dashboard,2026-09-04
BD-AZ,BD,AZ,bangladesh,azerbaijan,visa_required,,25,USD,https://evisa.gov.az,2026-09-04
BD-BJ,BD,BJ,bangladesh,benin,eVisa,30,,,https://evisa.gouv.bj/en/,2026-09-04
BD-GN,BD,GN,bangladesh,guinea,eVisa,90,100,USD,https://www.paf.gov.gn/visa,2026-09-04
BD-ID,BD,ID,bangladesh,indonesia,eVisa,60,,,https://molina.imigrasi.go.id/web/visa-selection,2026-09-04
BD-LK,BD,LK,bangladesh,sri-lanka,visa_on_arrival,30,20,,https://eta.gov.lk/slvisa/visainfo/apply.jsp,2026-09-04
BD-MM,BD,MM,bangladesh,myanmar,eVisa,28,70,USD,https://evisa.moip.gov.mm,2026-09-04
BD-MY,BD,MY,bangladesh,malaysia,eVisa,30,,,https://malaysiavisa.imi.gov.my/evisa/,2026-09-04
BD-SA,BD,SA,bangladesh,saudi-arabia,visa_required,,,,https://visa.visitsaudi.com,2026-09-04
BD-SG,BD,SG,bangladesh,singapore,eVisa,90,,,https://dhaka.mfa.gov.sg/consular-services/visa-information/visa-application,2026-09-04
BD-TH,BD,TH,bangladesh,thailand,eVisa,15,,,https://www.thaievisa.go.th,2026-09-04
BD-TR,BD,TR,bangladesh,turkiye,visa_required,30,,,https://www.evisa.gov.tr/,2026-09-04
BD-VN,BD,VN,bangladesh,vietnam,eVisa,90,25,USD,https://evisa.xuatnhapcanh.gov.vn/web/guest/trang-chu-ttdt,2026-09-04
BE-AZ,BE,AZ,belgium,azerbaijan,eVisa,30,25,USD,https://evisa.gov.az,2026-09-04
BE-BJ,BE,BJ,belgium,benin,eVisa,30,,,https://evisa.gouv.bj/en/,2026-09-04
BE-GN,BE,GN,belgium,guinea,eVisa,90,100,USD,https://www.paf.gov.gn/visa,2026-09-04
BE-IN,BE,IN,belgium,india,eVisa,30,25,USD,https://indianvisaonline.gov.in/evisa/tvoa.html,2026-09-04
BE-KH,BE,KH,belgium,cambodia,eVisa_or_voa,30,30,USD,https://www.evisa.gov.kh,2026-09-04
BE-KR,BE,KR,belgium,south-korea,not_required,90,,,https://www.gov.uk/foreign-travel-advice/south-korea/entry-requirements,2026-09-04
BE-MM,BE,MM,belgium,myanmar,eVisa,28,70,USD,https://evisa.moip.gov.mm,2026-09-04
BE-MN,BE,MN,belgium,mongolia,not_required,30,51.5,USD,https://evisa.mn/,2026-09-04
BE-MX,BE,MX,belgium,mexico,not_required,180,10,USD,https://consulmex.sre.gob.mx/saopaulo/index.php/visto-menu/visto-para-turista,2026-09-04
BE-NA,BE,NA,belgium,namibia,eVisa_or_voa,90,160,,https://eservices.mhaiss.gov.na/,2026-09-04
BE-NZ,BE,NZ,belgium,new-zealand,eta,90,35,,https://www.immigration.govt.nz/new-zealand-visas/apply-for-a-visa/tools-and-information/your-journey-to-new-zealand/before-you-travel-to-new-zealand/paying-ivl,2026-09-04
BE-UZ,BE,UZ,belgium,uzbekistan,not_required,30,20,USD,https://e-visa.gov.uz/main,2026-09-04
BF-KH,BF,KH,burkina-faso,cambodia,eVisa_or_voa,30,30,USD,https://www.evisa.gov.kh/,2026-09-04
BF-LA,BF,LA,burkina-faso,laos,eVisa_or_voa,30,,,https://www.laoevisa.gov.la,2026-09-04
BF-VN,BF,VN,burkina-faso,vietnam,eVisa,90,25,USD,https://evisa.gov.vn/,2026-09-04
BG-AU,BG,AU,bulgaria,australia,not_required,90,500,AUD,https://immi.homeaffairs.gov.au/visas/getting-a-visa/visa-listing/evisitor-651#Overview,2026-09-04
BG-AZ,BG,AZ,bulgaria,azerbaijan,eVisa,30,25,USD,https://evisa.gov.az/en/,2026-09-04
BG-GN,BG,GN,bulgaria,guinea,eVisa,90,100,USD,https://www.paf.gov.gn/visa,2026-09-04
BG-IN,BG,IN,bulgaria,india,eVisa,60,25,USD,https://indianvisaonline.gov.in/visa/tvoa.html,2026-09-04
BG-KH,BG,KH,bulgaria,cambodia,eVisa_or_voa,30,30,USD,https://www.evisa.gov.kh/FAQ,2026-09-04
BG-KR,BG,KR,bulgaria,south-korea,not_required,90,,,https://www.gov.uk/foreign-travel-advice/south-korea/entry-requirements,2026-09-04
BG-LA,BG,LA,bulgaria,laos,eVisa_or_voa,30,,,https://laoevisa.gov.la/faq,2026-09-04
BG-MM,BG,MM,bulgaria,myanmar,eVisa,28,70,USD,https://www.myanmarevisa.gov.mm/,2026-09-04
BG-MN,BG,MN,bulgaria,mongolia,not_required,30,51.5,USD,https://visasnews.com/en/mongolia-extends-visa-exemption-policy-for-34-countries-by-one-year/,2026-09-04
BG-MX,BG,MX,bulgaria,mexico,not_required,180,10,USD,https://consulmex.sre.gob.mx/saopaulo/index.php/visto-menu/visto-para-turista,2026-09-04
BG-NZ,BG,NZ,bulgaria,new-zealand,not_required,90,35,,https://www.customs.govt.nz/travel-to-and-from-new-zealand/travelling-to-new-zealand/egate,2026-09-04
BG-SR,BG,SR,bulgaria,suriname,not_required,90,50,USD,https://suriname.vfsevisa.com/suriname/online/home/index,2026-09-04
BG-UZ,BG,UZ,bulgaria,uzbekistan,not_required,30,20,USD,https://mfa.uz/en/consular/visa/,2026-09-04
BH-AZ,BH,AZ,bahrain,azerbaijan,not_required,30,25,USD,https://evisa.gov.az,2026-09-04
BH-BJ,BH,BJ,bahrain,benin,eVisa,30,,,https://evisa.bj/,2026-09-04
BH-IN,BH,IN,bahrain,india,eVisa,30,25,USD,https://indianvisaonline.gov.in/visa/tvoa.html,2026-09-04
BH-KE,BH,KE,bahrain,kenya,eta,90,,,https://www.migration.gov.rw/visa/visitors-visa,2026-09-04
BH-KH,BH,KH,bahrain,cambodia,eVisa_or_voa,30,30,USD,https://www.evisa.gov.kh/,2026-09-04
BH-LA,BH,LA,bahrain,laos,eVisa_or_voa,30,,,https://www.laoevisa.gov.la,2026-09-04
BH-MM,BH,MM,bahrain,myanmar,visa_required,28,70,USD,https://evisa.moip.gov.mm/,2026-09-04
BH-MY,BH,MY,bahrain,malaysia,not_required,90,,,https://malaysiavisa.imi.gov.my/,2026-09-04
BH-NZ,BH,NZ,bahrain,new-zealand,eta,90,35,,https://www.immigration.govt.nz/new-zealand-visas/apply-for-a-visa/tools-and-information/your-journey-to-new-zealand/before-you-travel-to-new-zealand/paying-ivl,2026-09-04
BH-PH,BH,PH,bahrain,philippines,not_required,30,,,https://evisa.gov.ph/,2026-09-04
BH-SG,BH,SG,bahrain,singapore,not_required,30,,,,2026-09-04
BH-TH,BH,TH,bahrain,thailand,not_required,30,,,https://www.thaievisa.go.th/,2026-09-04
BH-UZ,BH,UZ,bahrain,uzbekistan,not_required,30,20,USD,https://e-visa.gov.uz,2026-09-04
BH-VN,BH,VN,bahrain,vietnam,eVisa,90,25,USD,https://www.vietnam-visa.com/conditions-to-get-vietnam-visa-exemption-to-visit-phu-quoc-island/,2026-09-04
BI-IN,BI,IN,burundi,india,eVisa,60,25,USD,https://indianvisaonline.gov.in/visa/tvoa.html,2026-09-04
BI-KH,BI,KH,burundi,cambodia,eVisa_or_voa,30,30,USD,https://www.evisa.gov.kh/,2026-09-04
BI-MN,BI,MN,burundi,mongolia,eVisa,30,51.5,USD,https://evisa.mn,2026-09-04
BI-VN,BI,VN,burundi,vietnam,eVisa,90,25,USD,https://evisa.gov.vn/,2026-09-04
BJ-IN,BJ,IN,benin,india,eVisa,60,25,USD,https://indianvisaonline.gov.in/visa/tvoa.html,2026-09-04
BJ-KH,BJ,KH,benin,cambodia,eVisa_or_voa,30,30,USD,http://evisa.mfaic.gov.kh/,2026-09-04
BJ-LA,BJ,LA,benin,laos,eVisa_or_voa,30,,,https://www.laoevisa.gov.la,2026-09-04
BJ-VN,BJ,VN,benin,vietnam,eVisa,90,25,USD,https://evisa.gov.vn/,2026-09-04
BN-AZ,BN,AZ,brunei,azerbaijan,eVisa,30,25,USD,https://evisa.gov.az,2026-09-04
BN-BJ,BN,BJ,brunei,benin,eVisa,30,,,https://evisa.bj/,2026-09-04
BN-CI,BN,CI,brunei,ivory-coast,eVisa,90,,,https://snedai.com/e-visa/,2026-09-04
BN-GN,BN,GN,brunei,guinea,eVisa,90,100,USD,https://www.paf.gov.gn/visa,2026-09-04
BN-IN,BN,IN,brunei,india,eVisa,30,25,USD,https://indianvisaonline.gov.in/evisa/tvoa.html,2026-09-04
BN-KH,BN,KH,brunei,cambodia,not_required,14,30,USD,https://www.evisa.gov.kh/,2026-09-04
BN-KR,BN,KR,brunei,south-korea,not_required,30,,,https://www.gov.uk/foreign-travel-advice/south-korea/entry-requirements,2026-09-04
BN-MM,BN,MM,brunei,myanmar,not_required,14,70,USD,https://evisa.moip.gov.mm/,2026-09-04
BN-MN,BN,MN,brunei,mongolia,eVisa,30,51.5,USD,https://evisa.mn,2026-09-04
BN-NZ,BN,NZ,brunei,new-zealand,eta,90,35,,https://www.immigration.govt.nz/new-zealand-visas/apply-for-a-visa/tools-and-information/your-journey-to-new-zealand/before-you-travel-to-new-zealand/paying-ivl,2026-09-04
BN-UZ,BN,UZ,brunei,uzbekistan,not_required,30,20,USD,https://e-visa.gov.uz/main,2026-09-04
BO-AZ,BO,AZ,bolivia,azerbaijan,eVisa,30,25,USD,https://evisa.gov.az,2026-09-04
BO-GN,BO,GN,bolivia,guinea,eVisa,90,100,USD,https://www.paf.gov.gn/visa,2026-09-04
BO-IN,BO,IN,bolivia,india,eVisa,30,25,USD,https://indianvisaonline.gov.in/visa/tvoa.html,2026-09-04
BO-KH,BO,KH,bolivia,cambodia,eVisa_or_voa,30,30,USD,https://www.evisa.gov.kh,2026-09-04
BO-LA,BO,LA,bolivia,laos,eVisa_or_voa,30,,,https://laoevisa.gov.la,2026-09-04
BO-MD,BO,MD,bolivia,moldova,eVisa,90,,,https://www.evisa.gov.md,2026-09-04
BO-MM,BO,MM,bolivia,myanmar,eVisa,28,70,USD,https://evisa.moip.gov.mm,2026-09-04
BO-MN,BO,MN,bolivia,mongolia,eVisa,30,51.5,USD,https://evisa.mn,2026-09-04
BO-MX,BO,MX,bolivia,mexico,not_required,180,10,USD,https://consulmex.sre.gob.mx/saopaulo/index.php/visto-menu/visto-para-turista,2026-09-04
BO-TH,BO,TH,bolivia,thailand,eVisa_or_voa,60,,,https://www.thaievisa.go.th,2026-09-04
BO-UZ,BO,UZ,bolivia,uzbekistan,eVisa,30,20,USD,https://e-visa.gov.uz,2026-09-04
BO-VN,BO,VN,bolivia,vietnam,eVisa,90,25,USD,https://evisa.gov.vn,2026-09-04
BR-AZ,BR,AZ,brazil,azerbaijan,eVisa,30,25,USD,https://evisa.gov.az,2026-09-04
BR-GN,BR,GN,brazil,guinea,eVisa,90,100,USD,https://www.paf.gov.gn/visa,2026-09-04
BR-IN,BR,IN,brazil,india,eVisa,30,25,USD,https://indianvisaonline.gov.in/visa/tvoa.html,2026-09-04
BR-KH,BR,KH,brazil,cambodia,eVisa_or_voa,30,30,USD,https://www.evisa.gov.kh,2026-09-04
BR-LA,BR,LA,brazil,laos,eVisa_or_voa,30,,,https://laoevisa.gov.la,2026-09-04
BR-MM,BR,MM,brazil,myanmar,eVisa,28,70,USD,https://evisa.moip.gov.mm,2026-09-04
BR-MN,BR,MN,brazil,mongolia,not_required,90,51.5,USD,https://evisa.mn/,2026-09-04
BR-MX,BR,MX,brazil,mexico,eVisa,180,10,USD,https://visaelectronica.sre.gob.mx,2026-09-04
BR-NZ,BR,NZ,brazil,new-zealand,eta,90,35,,https://www.immigration.govt.nz/new-zealand-visas/apply-for-a-visa/tools-and-information/your-journey-to-new-zealand/before-you-travel-to-new-zealand/paying-ivl,2026-09-04
BR-UZ,BR,UZ,brazil,uzbekistan,not_required,30,20,USD,https://e-visa.gov.uz/main,2026-09-04
BR-VN,BR,VN,brazil,vietnam,eVisa,90,25,USD,https://evisa.gov.vn,2026-09-04
BS-AZ,BS,AZ,bahamas,azerbaijan,eVisa,30,25,USD,https://evisa.gov.az/en/,2026-09-04
BS-BJ,BS,BJ,bahamas,benin,not_required,90,,,https://northafricapost.com/74705-benin-bahamas-establish-diplomatic-ties-scrap-visa-requirements.html,2026-09-04
BS-IN,BS,IN,bahamas,india,eVisa,60,25,USD,https://indianvisaonline.gov.in/visa/tvoa.html,2026-09-04
BS-KH,BS,KH,bahamas,cambodia,eVisa_or_voa,30,30,USD,http://evisa.mfaic.gov.kh/,2026-09-04
BS-LA,BS,LA,bahamas,laos,eVisa_or_voa,30,,,https://www.laoevisa.gov.la,2026-09-04
BS-MX,BS,MX,bahamas,mexico,not_required,180,10,USD,https://consulmex.sre.gob.mx/saopaulo/index.php/visto-menu/visto-para-turista,2026-09-04
BS-UZ,BS,UZ,bahamas,uzbekistan,not_required,30,20,USD,https://akipress.com/news:623639:Uzbekistan_introduces_visa_waiver_for_20_more_countries_from_2020/,2026-09-04
BS-VN,BS,VN,bahamas,vietnam,eVisa,90,25,USD,https://evisa.xuatnhapcanh.gov.vn/trang-chu-ttdt,2026-09-04
BT-BJ,BT,BJ,bhutan,benin,eVisa,30,,,https://evisa.bj/,2026-09-04
BT-GN,BT,GN,bhutan,guinea,eVisa,90,100,USD,https://www.paf.gov.gn/visa/,2026-09-04
BT-KH,BT,KH,bhutan,cambodia,eVisa_or_voa,30,30,USD,https://www.evisa.gov.kh/,2026-09-04
BT-LA,BT,LA,bhutan,laos,eVisa_or_voa,30,,,https://www.laoevisa.gov.la,2026-09-04
BT-MM,BT,MM,bhutan,myanmar,eVisa,28,70,USD,https://evisa.moip.gov.mm/,2026-09-04
BT-SR,BT,SR,bhutan,suriname,not_required,90,25,USD,https://suriname.vfsevisa.com/suriname/online/home/who-can-apply-for-eVisa,2026-09-04
BT-UZ,BT,UZ,bhutan,uzbekistan,eVisa,30,20,USD,https://e-visa.gov.uz/main,2026-09-04
BT-VN,BT,VN,bhutan,vietnam,eVisa,90,25,USD,https://evisa.gov.vn/,2026-09-04
BW-IN,BW,IN,botswana,india,eVisa,60,25,USD,https://indianvisaonline.gov.in/visa/tvoa.html,2026-09-04
BW-KH,BW,KH,botswana,cambodia,eVisa_or_voa,30,30,USD,https://www.evisa.gov.kh/,2026-09-04
BW-LA,BW,LA,botswana,laos,eVisa_or_voa,30,,,https://www.laoevisa.gov.la,2026-09-04
BW-VN,BW,VN,botswana,vietnam,eVisa,90,25,USD,https://evisa.gov.vn/,2026-09-04
BY-AZ,BY,AZ,belarus,azerbaijan,not_required,90,25,USD,https://evisa.gov.az,2026-09-04
BY-GN,BY,GN,belarus,guinea,eVisa,90,100,USD,https://www.paf.gov.gn/visa,2026-09-04
BY-IN,BY,IN,belarus,india,eVisa,30,25,USD,https://indianvisaonline.gov.in/evisa/tvoa.html,2026-09-04
BY-KH,BY,KH,belarus,cambodia,eVisa_or_voa,30,30,USD,https://www.evisa.gov.kh,2026-09-04
BY-LA,BY,LA,belarus,laos,not_required,30,,,https://www.laoevisa.gov.la,2026-09-04
BY-MM,BY,MM,belarus,myanmar,not_required,30,70,USD,https://evisa.moip.gov.mm,2026-09-04
BY-MN,BY,MN,belarus,mongolia,not_required,90,51.5,USD,https://evisa.mn/,2026-09-04
BY-QA,BY,QA,belarus,qatar,eVisa_or_voa,30,0,USD,https://hayya.qa/,2026-09-04
BY-SC,BY,SC,belarus,seychelles,eta,90,150,USD,https://seychelles.govtas.com,2026-09-04
BZ-BJ,BZ,BJ,belize,benin,not_required,90,,,https://evisa.bj/,2026-09-04
BZ-IN,BZ,IN,belize,india,eVisa,60,25,USD,https://indianvisaonline.gov.in/visa/tvoa.html,2026-09-04
BZ-KH,BZ,KH,belize,cambodia,eVisa_or_voa,30,30,USD,https://www.evisa.gov.kh/,2026-09-04
BZ-LA,BZ,LA,belize,laos,eVisa_or_voa,30,,,https://www.laoevisa.gov.la,2026-09-04
BZ-MM,BZ,MM,belize,myanmar,eVisa,28,70,USD,http://evisa.moip.gov.mm/NoticetoTourists.aspx,2026-09-04
BZ-MX,BZ,MX,belize,mexico,not_required,180,10,USD,https://consulmex.sre.gob.mx/saopaulo/index.php/visto-menu/visto-para-turista,2026-09-04
BZ-UZ,BZ,UZ,belize,uzbekistan,not_required,30,20,USD,https://e-visa.gov.uz/,2026-09-04
BZ-VN,BZ,VN,belize,vietnam,eVisa,90,25,USD,https://evisa.xuatnhapcanh.gov.vn/trang-chu-ttdt,2026-09-04
CA-AZ,CA,AZ,canada,azerbaijan,eVisa,30,25,USD,https://evisa.gov.az,2026-09-04
CA-BD,CA,BD,canada,bangladesh,visa_on_arrival,30,,,https://bhclondon.org.uk/visa-on-arrival,2026-09-04
CA-GN,CA,GN,canada,guinea,eVisa,90,100,USD,https://www.paf.gov.gn/visa,2026-09-04
CA-ID,CA,ID,canada,indonesia,eVisa_or_voa,30,50000,IDR,https://evisa.imigrasi.go.id,2026-09-04
CA-IN,CA,IN,canada,india,eVisa,30,25,USD,https://indianvisaonline.gov.in/visa/tvoa.html,2026-09-04
CA-JP,CA,JP,canada,japan,not_required,90,,,https://www.evisa.mofa.go.jp,2026-09-04
CA-KH,CA,KH,canada,cambodia,eVisa_or_voa,30,30,USD,https://www.evisa.gov.kh,2026-09-04
CA-LA,CA,LA,canada,laos,eVisa_or_voa,30,,,https://www.laoevisa.gov.la,2026-09-04
CA-LY,CA,LY,canada,libya,eVisa,30,63,USD,https://evisa.gov.ly,2026-09-04
CA-MM,CA,MM,canada,myanmar,eVisa,28,70,USD,https://evisa.moip.gov.mm,2026-09-04
CA-MN,CA,MN,canada,mongolia,not_required,30,51.5,USD,https://en.consul.mn/visa/c/83,2026-09-04
CA-MX,CA,MX,canada,mexico,not_required,180,10,USD,https://consulmex.sre.gob.mx/saopaulo/index.php/visto-menu/visto-para-turista,2026-09-04
CA-MY,CA,MY,canada,malaysia,not_required,90,,,https://imigresen-online.imi.gov.my/mdac/main,2026-09-04
CA-MZ,CA,MZ,canada,mozambique,eta,30,48,USD,https://evisa.gov.mz,2026-09-04
CA-NG,CA,NG,canada,nigeria,eVisa,30,,,https://evisa.immigration.gov.ng/,2026-09-04
CA-NI,CA,NI,canada,nicaragua,not_required,90,10,USD,https://tramitesconsulares.mint.gob.ni/,2026-09-04
CA-NZ,CA,NZ,canada,new-zealand,eta,90,35,,https://www.immigration.govt.nz/opsmanual/#46511.htm,2026-09-04
CA-PH,CA,PH,canada,philippines,not_required,30,,,https://immigration.gov.ph/,2026-09-04
CA-SG,CA,SG,canada,singapore,not_required,30,,,https://eservices.ica.gov.sg/sgarrivalcard/,2026-09-04
CA-TH,CA,TH,canada,thailand,not_required,30,,,https://www.thaievisa.go.th/,2026-09-04
CA-TL,CA,TL,canada,timor-leste,visa_on_arrival,30,30,USD,http://migracao.gov.tl/html/sub0301.php,2026-09-04
CA-US,CA,US,canada,united-states,not_required,180,,,https://help.cbp.gov/s/article/Article-1094?language=en_US,2026-09-04
CA-UZ,CA,UZ,canada,uzbekistan,not_required,30,20,USD,https://e-visa.gov.uz/main,2026-09-04
CA-VN,CA,VN,canada,vietnam,eVisa,90,25,USD,https://evisa.gov.vn,2026-09-04
CD-GN,CD,GN,dr-congo,guinea,eVisa,90,100,USD,https://www.paf.gov.gn/visa,2026-09-04
CD-KH,CD,KH,dr-congo,cambodia,eVisa_or_voa,30,30,USD,https://www.evisa.gov.kh,2026-09-04
CD-MN,CD,MN,dr-congo,mongolia,eVisa,30,51.5,USD,https://evisa.mn,2026-09-04
CD-VN,CD,VN,dr-congo,vietnam,eVisa,90,25,USD,https://evisa.gov.vn,2026-09-04
CF-KH,CF,KH,central-african-republic,cambodia,eVisa_or_voa,30,30,USD,https://www.evisa.gov.kh/,2026-09-04
CF-LA,CF,LA,central-african-republic,laos,eVisa_or_voa,30,,,https://www.laoevisa.gov.la,2026-09-04
CF-MN,CF,MN,central-african-republic,mongolia,eVisa,30,51.5,USD,https://evisa.mn,2026-09-04
CF-VN,CF,VN,central-african-republic,vietnam,eVisa,90,25,USD,https://evisa.gov.vn/,2026-09-04
CG-GN,CG,GN,congo,guinea,eVisa,90,100,USD,https://www.paf.gov.gn/visa,2026-09-04
CG-KH,CG,KH,congo,cambodia,eVisa_or_voa,30,30,USD,https://www.evisa.gov.kh,2026-09-04
CG-MN,CG,MN,congo,mongolia,eVisa,30,51.5,USD,https://evisa.mn,2026-09-04
CG-VN,CG,VN,congo,vietnam,eVisa,90,25,USD,https://evisa.gov.vn,2026-09-04
CH-AZ,CH,AZ,switzerland,azerbaijan,eVisa,30,25,USD,https://evisa.gov.az,2026-09-04
CH-GN,CH,GN,switzerland,guinea,eVisa,90,100,USD,https://www.paf.gov.gn/visa,2026-09-04
CH-ID,CH,ID,switzerland,indonesia,eVisa_or_voa,30,,,https://evisa.imigrasi.go.id,2026-09-04
CH-IN,CH,IN,switzerland,india,eVisa,30,25,USD,https://indianvisaonline.gov.in/visa/tvoa.html,2026-09-04
CH-KH,CH,KH,switzerland,cambodia,eVisa_or_voa,30,30,USD,https://www.evisa.gov.kh,2026-09-04
CH-LA,CH,LA,switzerland,laos,not_required,15,,,https://laoevisa.gov.la,2026-09-04
CH-MM,CH,MM,switzerland,myanmar,eVisa,28,70,USD,https://evisa.moip.gov.mm,2026-09-04
CH-MN,CH,MN,switzerland,mongolia,not_required,30,51.5,USD,https://visasnews.com/en/mongolia-extends-visa-exemption-policy-for-34-countries-by-one-year/,2026-09-04
CH-MX,CH,MX,switzerland,mexico,not_required,180,10,USD,https://consulmex.sre.gob.mx/saopaulo/index.php/visto-menu/visto-para-turista,2026-09-04
CH-MY,CH,MY,switzerland,malaysia,not_required,90,,,https://malaysiavisa.imi.gov.my/,2026-09-04
CH-MZ,CH,MZ,switzerland,mozambique,eta,30,48,USD,https://evisa.gov.mz,2026-09-04
CH-NA,CH,NA,switzerland,namibia,eVisa_or_voa,90,160,,https://eservices.mhaiss.gov.na/,2026-09-04
CH-NZ,CH,NZ,switzerland,new-zealand,not_required,90,35,,https://www.immigration.govt.nz/new-zealand-visas/apply-for-a-visa/tools-and-information/your-journey-to-new-zealand/before-you-travel-to-new-zealand/paying-ivl,2026-09-04
CH-PH,CH,PH,switzerland,philippines,not_required,30,,,https://evisa.gov.ph/,2026-09-04
CH-SG,CH,SG,switzerland,singapore,not_required,90,,,,2026-09-04
CH-TH,CH,TH,switzerland,thailand,not_required,30,,,https://www.thaievisa.go.th/,2026-09-04
CH-UZ,CH,UZ,switzerland,uzbekistan,not_required,30,20,USD,https://e-visa.gov.uz/main,2026-09-04
CH-VN,CH,VN,switzerland,vietnam,not_required,45,,,https://evisa.gov.vn,2026-09-04
CI-IN,CI,IN,ivory-coast,india,eVisa,60,25,USD,https://indianvisaonline.gov.in/visa/tvoa.html,2026-09-04
CI-KH,CI,KH,ivory-coast,cambodia,eVisa_or_voa,30,30,USD,https://www.evisa.gov.kh/,2026-09-04
CI-MM,CI,MM,ivory-coast,myanmar,eVisa,28,70,USD,https://evisa.moip.gov.mm/,2026-09-04
CI-UZ,CI,UZ,ivory-coast,uzbekistan,eVisa,30,20,USD,https://e-visa.gov.uz/,2026-09-04
CI-VN,CI,VN,ivory-coast,vietnam,eVisa,90,25,USD,https://evisa.gov.vn/,2026-09-04
CL-AZ,CL,AZ,chile,azerbaijan,eVisa,30,25,USD,https://evisa.gov.az,2026-09-04
CL-CD,CL,CD,chile,dr-congo,eVisa,7,,,https://evisa.gouv.cd,2026-09-04
CL-CI,CL,CI,chile,ivory-coast,eVisa,90,,,https://snedai.com/e-visa/,2026-09-04
CL-GA,CL,GA,chile,gabon,eVisa,90,,,https://evisa.dgdi.ga,2026-09-04
CL-GN,CL,GN,chile,guinea,eVisa,90,100,USD,https://www.paf.gov.gn/visa,2026-09-04
CL-GQ,CL,GQ,chile,equatorial-guinea,eVisa,,75,USD,https://equatorialguinea-evisa.com/,2026-09-04
CL-IN,CL,IN,chile,india,eVisa,30,25,USD,https://indianvisaonline.gov.in/visa/tvoa.html,2026-09-04
CL-KH,CL,KH,chile,cambodia,eVisa_or_voa,30,30,USD,https://www.evisa.gov.kh,2026-09-04
CL-LA,CL,LA,chile,laos,eVisa_or_voa,30,,,https://laoevisa.gov.la,2026-09-04
CL-LR,CL,LR,chile,liberia,eVisa_or_voa,90,,,https://visaonarrival.lis.gov.lr,2026-09-04
CL-MM,CL,MM,chile,myanmar,eVisa,28,70,USD,https://evisa.moip.gov.mm,2026-09-04
CL-MN,CL,MN,chile,mongolia,not_required,90,51.5,USD,https://evisa.mn/,2026-09-04
CL-MR,CL,MR,chile,mauritania,eVisa,30,,,https://anrpts.gov.mr/en,2026-09-04
CL-MX,CL,MX,chile,mexico,not_required,180,40,USD,https://travel.state.gov/content/passports/en/country/mexico.html,2026-09-04
CL-NG,CL,NG,chile,nigeria,eVisa,30,,,https://evisa.immigration.gov.ng,2026-09-04
CL-NZ,CL,NZ,chile,new-zealand,eta,90,35,,https://www.immigration.govt.nz/new-zealand-visas/apply-for-a-visa/tools-and-information/your-journey-to-new-zealand/before-you-travel-to-new-zealand/paying-ivl,2026-09-04
CL-SL,CL,SL,chile,sierra-leone,eVisa,90,,,https://evisa.sl,2026-09-04
CL-UG,CL,UG,chile,uganda,eVisa,90,,,https://visas.immigration.go.ug,2026-09-04
CL-UZ,CL,UZ,chile,uzbekistan,not_required,30,20,USD,https://e-visa.gov.uz/main,2026-09-04
CL-ZM,CL,ZM,chile,zambia,eVisa_or_voa,90,,,https://eservices.zambiaimmigration.gov.zm,2026-09-04
CM-IN,CM,IN,cameroon,india,eVisa,60,25,USD,https://indianvisaonline.gov.in/visa/tvoa.html,2026-09-04
CM-KE,CM,KE,cameroon,kenya,not_required,60,,,http://evisa.go.ke/eligibility.html,2026-09-04
CM-KH,CM,KH,cameroon,cambodia,eVisa_or_voa,30,30,USD,https://www.evisa.gov.kh/,2026-09-04
CM-MM,CM,MM,cameroon,myanmar,eVisa,28,70,USD,https://evisa.moip.gov.mm/,2026-09-04
CM-TH,CM,TH,cameroon,thailand,eVisa,60,,,https://www.thaievisa.go.th/,2026-09-04
CM-UZ,CM,UZ,cameroon,uzbekistan,eVisa,30,20,USD,https://e-visa.gov.uz/main,2026-09-04
CM-VN,CM,VN,cameroon,vietnam,eVisa,90,25,USD,https://evisa.gov.vn/,2026-09-04
CN-AZ,CN,AZ,china,azerbaijan,not_required,30,25,USD,https://evisa.gov.az,2026-09-04
CN-GE,CN,GE,china,georgia,not_required,30,,,https://matsne.gov.ge/ka/document/view/2867377,2026-09-04
CN-GN,CN,GN,china,guinea,eVisa,90,100,USD,https://www.paf.gov.gn/visa,2026-09-04
CN-ID,CN,ID,china,indonesia,eVisa_or_voa,30,,,https://evisa.imigrasi.go.id,2026-09-04
CN-JP,CN,JP,china,japan,conditional_free,15,,,http://www.asiacruisenews.com/News/Japan-offers-visa-free-cruises-to-Chinese-tourists-/3w3c682.html,2026-09-04
CN-KG,CN,KG,china,kyrgyzstan,conditional_free,21,500,USD,https://evisa.e-gov.kg,2026-09-04
CN-KH,CN,KH,china,cambodia,not_required,14,30,USD,https://www.evisa.gov.kh,2026-09-04
CN-LA,CN,LA,china,laos,eVisa_or_voa,30,,,https://www.laoevisa.gov.la,2026-09-04
CN-MM,CN,MM,china,myanmar,eVisa_or_voa,28,70,USD,https://evisa.moip.gov.mm,2026-09-04
CN-MN,CN,MN,china,mongolia,eVisa,30,51.5,USD,https://evisa.mn,2026-09-04
CN-MY,CN,MY,china,malaysia,not_required,30,,,https://malaysiavisa.imi.gov.my/evisa/,2026-09-04
CN-PH,CN,PH,china,philippines,not_required,14,,,https://dfa.gov.ph/dfa-news/dfa-releasesupdate/37367-philippine-evisa-operations-to-resume-in-china,2026-09-04
CN-SG,CN,SG,china,singapore,not_required,30,,,https://www.ica.gov.sg/news-and-publications/newsroom/media-release/mutual-30-day-visa-exemption-arrangement-between-singapore-and-the-people-s-republic-of-china,2026-09-04
CN-TH,CN,TH,china,thailand,not_required,30,,,https://www.thaievisa.go.th/,2026-09-04
CN-TN,CN,TN,china,tunisia,not_required,90,,,http://tn.china-embassy.gov.cn/lsfw/lsbhyxz/202310/t20231007_11157169.htm,2026-09-04
CN-UZ,CN,UZ,china,uzbekistan,not_required,30,20,USD,https://e-visa.gov.uz/main,2026-09-04
CN-VN,CN,VN,china,vietnam,eVisa,90,25,USD,https://evisa.gov.vn,2026-09-04
CO-AZ,CO,AZ,colombia,azerbaijan,eVisa,30,25,USD,https://evisa.gov.az,2026-09-04
CO-BJ,CO,BJ,colombia,benin,eVisa,30,50,EUR,https://evisa.bj,2026-09-04
CO-GN,CO,GN,colombia,guinea,eVisa,90,100,USD,https://www.paf.gov.gn/visa,2026-09-04
CO-IN,CO,IN,colombia,india,eVisa,30,25,USD,https://indianvisaonline.gov.in/evisa/tvoa.html,2026-09-04
CO-KH,CO,KH,colombia,cambodia,eVisa_or_voa,30,30,USD,https://www.evisa.gov.kh,2026-09-04
CO-LA,CO,LA,colombia,laos,eVisa_or_voa,30,,,https://www.laoevisa.gov.la,2026-09-04
CO-MM,CO,MM,colombia,myanmar,eVisa,28,70,USD,https://evisa.moip.gov.mm,2026-09-04
CO-MN,CO,MN,colombia,mongolia,not_required,90,51.5,USD,https://evisa.mn/,2026-09-04
CO-MX,CO,MX,colombia,mexico,not_required,180,10,USD,https://consulmex.sre.gob.mx/saopaulo/index.php/visto-menu/visto-para-turista,2026-09-04
CO-UZ,CO,UZ,colombia,uzbekistan,eVisa,30,20,USD,https://e-visa.gov.uz,2026-09-04
CO-VN,CO,VN,colombia,vietnam,eVisa,90,25,USD,https://evisa.gov.vn,2026-09-04
CR-AZ,CR,AZ,costa-rica,azerbaijan,eVisa,30,25,USD,https://evisa.gov.az,2026-09-04
CR-BJ,CR,BJ,costa-rica,benin,eVisa,30,,,https://evisa.bj/,2026-09-04
CR-GQ,CR,GQ,costa-rica,equatorial-guinea,eVisa,90,75,USD,https://equatorialguinea-evisa.com/,2026-09-04
CR-IN,CR,IN,costa-rica,india,eVisa,60,25,USD,https://indianvisaonline.gov.in/visa/tvoa.html,2026-09-04
CR-KH,CR,KH,costa-rica,cambodia,eVisa_or_voa,30,30,USD,http://evisa.mfaic.gov.kh/,2026-09-04
CR-LA,CR,LA,costa-rica,laos,eVisa_or_voa,30,,,https://www.laoevisa.gov.la,2026-09-04
CR-MM,CR,MM,costa-rica,myanmar,eVisa,28,70,USD,https://evisa.moip.gov.mm/,2026-09-04
CR-MN,CR,MN,costa-rica,mongolia,eVisa,30,51.5,USD,https://evisa.mn,2026-09-04
CR-MX,CR,MX,costa-rica,mexico,not_required,180,10,USD,https://consulmex.sre.gob.mx/saopaulo/index.php/visto-menu/visto-para-turista,2026-09-04
CR-TH,CR,TH,costa-rica,thailand,eVisa_or_voa,15,,,https://www.thaievisa.go.th/,2026-09-04
CR-UZ,CR,UZ,costa-rica,uzbekistan,not_required,30,20,USD,https://akipress.com/news:623639:Uzbekistan_introduces_visa_waiver_for_20_more_countries_from_2020/,2026-09-04
CR-VN,CR,VN,costa-rica,vietnam,eVisa,90,25,USD,https://evisa.xuatnhapcanh.gov.vn/web/guest/trang-chu-ttdt,2026-09-04
CU-AZ,CU,AZ,cuba,azerbaijan,eVisa,30,25,USD,https://evisa.gov.az,2026-09-04
CU-BJ,CU,BJ,cuba,benin,eVisa,30,50,EUR,https://evisa.bj/articles/costs-of-entry-visas-to-benin/8c948600-ca08-443e-bac9-33aae6583b54,2026-09-04
CU-GN,CU,GN,cuba,guinea,eVisa,90,100,USD,https://www.paf.gov.gn/visa,2026-09-04
CU-IN,CU,IN,cuba,india,eVisa,30,25,USD,https://indianvisaonline.gov.in/evisa/tvoa.html,2026-09-04
CU-KH,CU,KH,cuba,cambodia,eVisa_or_voa,30,30,USD,https://www.evisa.gov.kh,2026-09-04
CU-LA,CU,LA,cuba,laos,eVisa_or_voa,30,,,https://www.laoevisa.gov.la,2026-09-04
CU-MN,CU,MN,cuba,mongolia,not_required,30,51.5,USD,https://evisa.mn/,2026-09-04
CU-UZ,CU,UZ,cuba,uzbekistan,not_required,30,20,USD,https://e-visa.gov.uz/main,2026-09-04
CU-VN,CU,VN,cuba,vietnam,eVisa,90,25,USD,https://evisa.gov.vn,2026-09-04
CV-GQ,CV,GQ,cape-verde,equatorial-guinea,eVisa,60,75,USD,https://equatorialguinea-evisa.com/,2026-09-04
CV-IN,CV,IN,cape-verde,india,eVisa,60,25,USD,https://indianvisaonline.gov.in/visa/tvoa.html,2026-09-04
CV-KH,CV,KH,cape-verde,cambodia,eVisa_or_voa,30,30,USD,https://www.evisa.gov.kh/,2026-09-04
CV-LA,CV,LA,cape-verde,laos,eVisa_or_voa,30,,,https://www.laoevisa.gov.la,2026-09-04
CV-MN,CV,MN,cape-verde,mongolia,eVisa,30,51.5,USD,https://evisa.mn,2026-09-04
CV-UZ,CV,UZ,cape-verde,uzbekistan,eVisa,30,20,USD,https://e-visa.gov.uz/main,2026-09-04
CV-VN,CV,VN,cape-verde,vietnam,eVisa,90,25,USD,https://evisa.gov.vn/,2026-09-04
CY-AZ,CY,AZ,cyprus,azerbaijan,eVisa,30,25,USD,https://evisa.gov.az/en/,2026-09-04
CY-GN,CY,GN,cyprus,guinea,eVisa,90,100,USD,https://www.paf.gov.gn/visa,2026-09-04
CY-IN,CY,IN,cyprus,india,eVisa,60,25,USD,https://indianvisaonline.gov.in/visa/tvoa.html,2026-09-04
CY-KH,CY,KH,cyprus,cambodia,eVisa_or_voa,30,30,USD,http://evisa.mfaic.gov.kh/,2026-09-04
CY-KR,CY,KR,cyprus,south-korea,not_required,30,,,https://www.gov.uk/foreign-travel-advice/south-korea/entry-requirements,2026-09-04
CY-LA,CY,LA,cyprus,laos,eVisa_or_voa,30,,,https://laoevisa.gov.la/faq,2026-09-04
CY-MM,CY,MM,cyprus,myanmar,eVisa,28,70,USD,https://www.myanmarevisa.gov.mm/,2026-09-04
CY-MN,CY,MN,cyprus,mongolia,not_required,30,51.5,USD,http://consul.mn/eng/03visae.php,2026-09-04
CY-MX,CY,MX,cyprus,mexico,not_required,180,10,USD,https://consulmex.sre.gob.mx/saopaulo/index.php/visto-menu/visto-para-turista,2026-09-04
CY-NZ,CY,NZ,cyprus,new-zealand,eta,90,35,,https://www.immigration.govt.nz/new-zealand-visas/apply-for-a-visa/tools-and-information/your-journey-to-new-zealand/before-you-travel-to-new-zealand/paying-ivl,2026-09-04
CY-UZ,CY,UZ,cyprus,uzbekistan,not_required,30,20,USD,https://web.archive.org/web/20181124014649/https://mfa.uz/en/consular/visa/,2026-09-04
CY-VN,CY,VN,cyprus,vietnam,eVisa,90,25,USD,https://evisa.gov.vn,2026-09-04
CZ-AZ,CZ,AZ,czechia,azerbaijan,eVisa,30,25,USD,https://evisa.gov.az,2026-09-04
CZ-BJ,CZ,BJ,czechia,benin,eVisa,30,,,https://evisa.gouv.bj/en/,2026-09-04
CZ-GE,CZ,GE,czechia,georgia,not_required,365,,,https://www.geoconsul.gov.ge/HtmlPage/Html/View?id=25&lang=Eng,2026-09-04
CZ-GN,CZ,GN,czechia,guinea,eVisa,90,100,USD,https://www.paf.gov.gn/visa,2026-09-04
CZ-IN,CZ,IN,czechia,india,eVisa,30,25,USD,https://indianvisaonline.gov.in/visa/tvoa.html,2026-09-04
CZ-KH,CZ,KH,czechia,cambodia,eVisa_or_voa,30,30,USD,https://www.evisa.gov.kh,2026-09-04
CZ-KR,CZ,KR,czechia,south-korea,eta,90,,,https://www.gov.uk/foreign-travel-advice/south-korea/entry-requirements,2026-09-04
CZ-LA,CZ,LA,czechia,laos,eVisa_or_voa,30,,,https://www.laoevisa.gov.la,2026-09-04
CZ-MM,CZ,MM,czechia,myanmar,eVisa_or_voa,28,70,USD,https://evisa.moip.gov.mm,2026-09-04
CZ-MN,CZ,MN,czechia,mongolia,not_required,30,51.5,USD,https://evisa.mn/,2026-09-04
CZ-MX,CZ,MX,czechia,mexico,not_required,180,10,USD,https://consulmex.sre.gob.mx/saopaulo/index.php/visto-menu/visto-para-turista,2026-09-04
CZ-NI,CZ,NI,czechia,nicaragua,not_required,90,10,USD,https://tramitesconsulares.mint.gob.ni/,2026-09-04
CZ-NZ,CZ,NZ,czechia,new-zealand,eta,90,35,,https://www.immigration.govt.nz/new-zealand-visas/apply-for-a-visa/tools-and-information/your-journey-to-new-zealand/before-you-travel-to-new-zealand/paying-ivl,2026-09-04
CZ-UZ,CZ,UZ,czechia,uzbekistan,not_required,30,20,USD,https://www.gazeta.uz/ru/2019/01/05/visa-free/,2026-09-04
CZ-VN,CZ,VN,czechia,vietnam,not_required,45,25,USD,https://evisa.xuatnhapcanh.gov.vn/web/guest/trang-chu-ttdt,2026-09-04
DE-ID,DE,ID,germany,indonesia,eVisa_or_voa,"30 days (e-VOA, extendable once +30)",0,IDR,https://evisa.imigrasi.go.id,2026-09-04
DE-KH,DE,KH,germany,cambodia,eVisa_or_voa,,30,USD,https://www.evisa.gov.kh,2026-09-04
DE-MY,DE,MY,germany,malaysia,not_required,90,,,https://imigresen-online.imi.gov.my/mdac/main,2026-09-04
DE-PH,DE,PH,germany,philippines,not_required,30,,,https://evisa.gov.ph/,2026-09-04
DE-SG,DE,SG,germany,singapore,not_required,90,,,,2026-09-04
DE-TH,DE,TH,germany,thailand,not_required,30,,,https://www.thaievisa.go.th/,2026-09-04
DE-VN,DE,VN,germany,vietnam,not_required,45,,,https://evisa.xuatnhapcanh.gov.vn/web/guest/trang-chu-ttdt,2026-09-04
DJ-AZ,DJ,AZ,djibouti,azerbaijan,eVisa,30,25,USD,https://evisa.gov.az,2026-09-04
DJ-GN,DJ,GN,djibouti,guinea,eVisa,90,100,USD,https://www.paf.gov.gn/visa,2026-09-04
DJ-GQ,DJ,GQ,djibouti,equatorial-guinea,eVisa,90,75,USD,https://equatorialguinea-evisa.com/,2026-09-04
DJ-IN,DJ,IN,djibouti,india,eVisa,60,25,USD,https://indianvisaonline.gov.in/evisa/tvoa.html,2026-09-04
DJ-KE,DJ,KE,djibouti,kenya,not_required,60,,,http://evisa.go.ke/eligibility.html,2026-09-04
DJ-KH,DJ,KH,djibouti,cambodia,eVisa_or_voa,30,30,USD,https://www.evisa.gov.kh,2026-09-04
DJ-LA,DJ,LA,djibouti,laos,eVisa_or_voa,30,,,https://www.laoevisa.gov.la,2026-09-04
DJ-MN,DJ,MN,djibouti,mongolia,eVisa,30,51.5,USD,https://evisa.mn,2026-09-04
DJ-VN,DJ,VN,djibouti,vietnam,eVisa,90,25,USD,https://evisa.gov.vn/,2026-09-04
DK-AZ,DK,AZ,denmark,azerbaijan,eVisa,30,25,USD,https://evisa.gov.az,2026-09-04
DK-BJ,DK,BJ,denmark,benin,eVisa,30,,,https://evisa.gouv.bj/en/,2026-09-04
DK-GN,DK,GN,denmark,guinea,eVisa,90,100,USD,https://www.paf.gov.gn/visa,2026-09-04
DK-IN,DK,IN,denmark,india,eVisa,30,25,USD,https://indianvisaonline.gov.in/evisa/tvoa.html,2026-09-04
DK-KH,DK,KH,denmark,cambodia,eVisa_or_voa,30,30,USD,https://www.evisa.gov.kh,2026-09-04
DK-KR,DK,KR,denmark,south-korea,eta,90,,,https://www.gov.uk/foreign-travel-advice/south-korea/entry-requirements,2026-09-04
DK-MM,DK,MM,denmark,myanmar,eVisa,28,70,USD,https://evisa.moip.gov.mm,2026-09-04
DK-MN,DK,MN,denmark,mongolia,not_required,30,51.5,USD,https://evisa.mn/,2026-09-04
DK-MX,DK,MX,denmark,mexico,not_required,180,10,USD,https://consulmex.sre.gob.mx/saopaulo/index.php/visto-menu/visto-para-turista,2026-09-04
DK-NA,DK,NA,denmark,namibia,eVisa_or_voa,90,160,,https://eservices.mhaiss.gov.na/,2026-09-04
DK-NZ,DK,NZ,denmark,new-zealand,eta,90,35,,https://www.immigration.govt.nz/new-zealand-visas/apply-for-a-visa/tools-and-information/your-journey-to-new-zealand/before-you-travel-to-new-zealand/paying-ivl,2026-09-04
DK-UZ,DK,UZ,denmark,uzbekistan,not_required,30,20,USD,https://e-visa.gov.uz/main,2026-09-04
DM-AZ,DM,AZ,dominica,azerbaijan,visa_required,,25,USD,https://dubai.mfa.gov.az/en/content/54/important-information-for-uae-residents,2026-09-04
DM-BJ,DM,BJ,dominica,benin,not_required,90,,,https://evisa.bj/,2026-09-04
DM-GN,DM,GN,dominica,guinea,eVisa,90,100,USD,https://www.paf.gov.gn/visa/,2026-09-04
DM-IN,DM,IN,dominica,india,eVisa,60,25,USD,https://indianvisaonline.gov.in/visa/tvoa.html,2026-09-04
DM-KH,DM,KH,dominica,cambodia,eVisa_or_voa,30,30,USD,http://evisa.mfaic.gov.kh/,2026-09-04
DM-LA,DM,LA,dominica,laos,eVisa_or_voa,30,,,https://www.laoevisa.gov.la,2026-09-04
DM-UZ,DM,UZ,dominica,uzbekistan,not_required,30,20,USD,https://akipress.com/news:623639:Uzbekistan_introduces_visa_waiver_for_20_more_countries_from_2020/,2026-09-04
DM-VN,DM,VN,dominica,vietnam,eVisa,90,25,USD,https://evisa.xuatnhapcanh.gov.vn/vi_VN/trang-chu-ttdt,2026-09-04
DO-AZ,DO,AZ,dominican-republic,azerbaijan,visa_required,,25,USD,https://evisa.gov.az,2026-09-04
DO-BJ,DO,BJ,dominican-republic,benin,eVisa_or_voa,30,,,https://evisa.gouv.bj/en/,2026-09-04
DO-GN,DO,GN,dominican-republic,guinea,eVisa,90,100,USD,https://www.paf.gov.gn/visa,2026-09-04
DO-IN,DO,IN,dominican-republic,india,eVisa,60,25,USD,https://indianvisaonline.gov.in/visa/tvoa.html,2026-09-04
DO-KH,DO,KH,dominican-republic,cambodia,eVisa_or_voa,30,30,USD,http://evisa.mfaic.gov.kh/,2026-09-04
DO-LA,DO,LA,dominican-republic,laos,eVisa_or_voa,30,,,https://www.laoevisa.gov.la,2026-09-04
DO-SS,DO,SS,dominican-republic,south-sudan,eVisa,180,100,USD,https://www.evisa.gov.ss/eligibility,2026-09-04
DO-UZ,DO,UZ,dominican-republic,uzbekistan,not_required,30,20,USD,https://akipress.com/news:623639:Uzbekistan_introduces_visa_waiver_for_20_more_countries_from_2020/,2026-09-04
DO-VN,DO,VN,dominican-republic,vietnam,eVisa,90,25,USD,https://evisa.xuatnhapcanh.gov.vn/web/guest/trang-chu-ttdt,2026-09-04
DZ-AZ,DZ,AZ,algeria,azerbaijan,eVisa,30,25,USD,https://evisa.gov.az,2026-09-04
DZ-KH,DZ,KH,algeria,cambodia,eVisa_or_voa,30,30,USD,https://www.evisa.gov.kh,2026-09-04
DZ-MM,DZ,MM,algeria,myanmar,eVisa,28,70,USD,https://evisa.moip.gov.mm,2026-09-04
DZ-TH,DZ,TH,algeria,thailand,eVisa,60,,,https://www.thaievisa.go.th,2026-09-04
DZ-UZ,DZ,UZ,algeria,uzbekistan,eVisa,30,20,USD,https://e-visa.gov.uz,2026-09-04
DZ-VN,DZ,VN,algeria,vietnam,eVisa,90,25,USD,https://evisa.xuatnhapcanh.gov.vn/web/guest/trang-chu-ttdt,2026-09-04
EC-AZ,EC,AZ,ecuador,azerbaijan,eVisa,30,25,USD,https://evisa.gov.az,2026-09-04
EC-BJ,EC,BJ,ecuador,benin,eVisa,30,50,EUR,https://evisa.gouv.bj/en/,2026-09-04
EC-GN,EC,GN,ecuador,guinea,eVisa,90,100,USD,https://www.paf.gov.gn/visa,2026-09-04
EC-IN,EC,IN,ecuador,india,eVisa,30,25,USD,https://indianvisaonline.gov.in/evisa/tvoa.html,2026-09-04
EC-KH,EC,KH,ecuador,cambodia,eVisa_or_voa,30,30,USD,https://www.evisa.gov.kh,2026-09-04
EC-LA,EC,LA,ecuador,laos,eVisa_or_voa,30,,,https://www.laoevisa.gov.la,2026-09-04
EC-MM,EC,MM,ecuador,myanmar,eVisa,28,70,USD,https://evisa.moip.gov.mm,2026-09-04
EC-MN,EC,MN,ecuador,mongolia,not_required,90,51.5,USD,https://evisa.mn/,2026-09-04
EC-UZ,EC,UZ,ecuador,uzbekistan,eVisa,30,20,USD,https://e-visa.gov.uz,2026-09-04
EC-VN,EC,VN,ecuador,vietnam,eVisa,90,25,USD,https://evisa.xuatnhapcanh.gov.vn/web/guest/trang-chu-ttdt,2026-09-04
EE-AO,EE,AO,estonia,angola,not_required,30,,,https://www.smevisa.gov.ao/,2026-09-04
EE-AZ,EE,AZ,estonia,azerbaijan,eVisa,30,25,USD,https://evisa.gov.az/en/,2026-09-04
EE-BJ,EE,BJ,estonia,benin,eVisa,30,,,https://evisa.bj/,2026-09-04
EE-GN,EE,GN,estonia,guinea,eVisa,90,100,USD,https://www.paf.gov.gn/visa,2026-09-04
EE-IN,EE,IN,estonia,india,eVisa,60,25,USD,https://indianvisaonline.gov.in/visa/tvoa.html,2026-09-04
EE-KH,EE,KH,estonia,cambodia,eVisa_or_voa,30,30,USD,http://evisa.mfaic.gov.kh/,2026-09-04
EE-LA,EE,LA,estonia,laos,eVisa_or_voa,30,,,https://laoevisa.gov.la/,2026-09-04
EE-MM,EE,MM,estonia,myanmar,eVisa,28,70,USD,http://evisa.moip.gov.mm/,2026-09-04
EE-MN,EE,MN,estonia,mongolia,not_required,30,51.5,USD,https://evisa.mn/,2026-09-04
EE-MX,EE,MX,estonia,mexico,not_required,180,10,USD,https://consulmex.sre.gob.mx/saopaulo/index.php/visto-menu/visto-para-turista,2026-09-04
EE-NZ,EE,NZ,estonia,new-zealand,eta,90,35,,https://www.immigration.govt.nz/opsmanual/#46511.htm,2026-09-04
EE-RU,EE,RU,estonia,russia,eVisa,30,,,https://evisa.kdmid.ru/,2026-09-04
EE-UZ,EE,UZ,estonia,uzbekistan,not_required,30,20,USD,https://web.archive.org/web/20181124014649/https://mfa.uz/en/consular/visa/,2026-09-04
EE-VN,EE,VN,estonia,vietnam,eVisa,90,25,USD,https://evisa.gov.vn,2026-09-04
EG-AZ,EG,AZ,egypt,azerbaijan,visa_required,,25,USD,https://dubai.mfa.gov.az/en/content/54/important-information-for-uae-residents,2026-09-04
EG-GE,EG,GE,egypt,georgia,eVisa,30,,,https://www.evisa.gov.ge/,2026-09-04
EG-GM,EG,GM,egypt,gambia,not_required,90,,,https://gambiahc.org.uk/consular-services/visa-application/,2026-09-04
EG-KH,EG,KH,egypt,cambodia,eVisa_or_voa,30,30,USD,https://www.evisa.gov.kh,2026-09-04
EG-LA,EG,LA,egypt,laos,eVisa_or_voa,30,,,https://www.laoevisa.gov.la,2026-09-04
EG-MM,EG,MM,egypt,myanmar,eVisa,28,70,USD,https://evisa.moip.gov.mm,2026-09-04
EG-TH,EG,TH,egypt,thailand,eVisa,60,,,https://www.thaievisa.go.th,2026-09-04
EG-UZ,EG,UZ,egypt,uzbekistan,eVisa,30,20,USD,https://e-visa.gov.uz,2026-09-04
EG-VN,EG,VN,egypt,vietnam,eVisa,90,25,USD,https://evisa.xuatnhapcanh.gov.vn/web/guest/trang-chu-ttdt,2026-09-04
ER-IN,ER,IN,eritrea,india,eVisa,60,25,USD,https://indianvisaonline.gov.in/visa/tvoa.html,2026-09-04
ER-KH,ER,KH,eritrea,cambodia,eVisa_or_voa,30,30,USD,https://www.evisa.gov.kh/,2026-09-04
ER-LA,ER,LA,eritrea,laos,eVisa_or_voa,30,,,https://www.laoevisa.gov.la,2026-09-04
ER-MM,ER,MM,eritrea,myanmar,eVisa,28,70,USD,https://evisa.moip.gov.mm/,2026-09-04
ER-VN,ER,VN,eritrea,vietnam,eVisa,90,25,USD,https://evisa.gov.vn/,2026-09-04
ES-AZ,ES,AZ,spain,azerbaijan,eVisa,30,25,USD,https://evisa.gov.az,2026-09-04
ES-BJ,ES,BJ,spain,benin,eVisa,30,,,https://evisa.gouv.bj/en/,2026-09-04
ES-GB,ES,GB,spain,united-kingdom,not_required,180,,,https://www.gov.uk/guidance/check-when-you-can-get-an-electronic-travel-authorisation-eta,2026-09-04
ES-GN,ES,GN,spain,guinea,eVisa,90,100,USD,https://www.paf.gov.gn/visa,2026-09-04
ES-ID,ES,ID,spain,indonesia,eVisa_or_voa,30,,,https://evisa.imigrasi.go.id,2026-09-04
ES-IN,ES,IN,spain,india,eVisa,30,25,USD,https://indianvisaonline.gov.in/evisa/tvoa.html,2026-09-04
ES-KH,ES,KH,spain,cambodia,eVisa_or_voa,30,30,USD,https://www.evisa.gov.kh,2026-09-04
ES-MM,ES,MM,spain,myanmar,eVisa,28,70,USD,https://evisa.moip.gov.mm,2026-09-04
ES-MN,ES,MN,spain,mongolia,not_required,30,51.5,USD,https://visasnews.com/en/mongolia-extends-visa-exemption-policy-for-34-countries-by-one-year/,2026-09-04
ES-MX,ES,MX,spain,mexico,not_required,180,10,USD,https://consulmex.sre.gob.mx/saopaulo/index.php/visto-menu/visto-para-turista,2026-09-04
ES-MY,ES,MY,spain,malaysia,not_required,90,,,https://malaysiavisa.imi.gov.my/,2026-09-04
ES-NA,ES,NA,spain,namibia,eVisa_or_voa,90,160,,https://eservices.mhaiss.gov.na/,2026-09-04
ES-NZ,ES,NZ,spain,new-zealand,not_required,90,35,,https://www.immigration.govt.nz/new-zealand-visas/apply-for-a-visa/tools-and-information/your-journey-to-new-zealand/before-you-travel-to-new-zealand/paying-ivl,2026-09-04
ES-PH,ES,PH,spain,philippines,not_required,30,,,https://evisa.gov.ph/,2026-09-04
ES-RU,ES,RU,spain,russia,eVisa,16,,,https://electronic-visa.kdmid.ru,2026-09-04
ES-SG,ES,SG,spain,singapore,not_required,90,,,,2026-09-04
ES-TH,ES,TH,spain,thailand,not_required,30,,,https://www.thaievisa.go.th/,2026-09-04
ES-UZ,ES,UZ,spain,uzbekistan,not_required,30,20,USD,https://e-visa.gov.uz/main,2026-09-04
ES-VN,ES,VN,spain,vietnam,not_required,45,,,https://evisa.xuatnhapcanh.gov.vn/web/guest/trang-chu-ttdt,2026-09-04
ET-KH,ET,KH,ethiopia,cambodia,eVisa_or_voa,30,30,USD,https://www.evisa.gov.kh/,2026-09-04
ET-LA,ET,LA,ethiopia,laos,eVisa_or_voa,30,,,https://www.laoevisa.gov.la,2026-09-04
ET-TH,ET,TH,ethiopia,thailand,eVisa_or_voa,15,,,https://www.thaievisa.go.th/,2026-09-04
ET-VN,ET,VN,ethiopia,vietnam,eVisa,90,25,USD,https://evisa.gov.vn/,2026-09-04
FI-AZ,FI,AZ,finland,azerbaijan,eVisa,30,25,USD,https://evisa.gov.az,2026-09-04
FI-BJ,FI,BJ,finland,benin,eVisa,30,,,https://evisa.gouv.bj/en/,2026-09-04
FI-GN,FI,GN,finland,guinea,eVisa,90,100,USD,https://www.paf.gov.gn/visa,2026-09-04
FI-IN,FI,IN,finland,india,eVisa,30,25,USD,https://indianvisaonline.gov.in/evisa/tvoa.html,2026-09-04
FI-KH,FI,KH,finland,cambodia,eVisa_or_voa,30,30,USD,https://www.evisa.gov.kh,2026-09-04
FI-MM,FI,MM,finland,myanmar,eVisa,28,70,USD,https://evisa.moip.gov.mm,2026-09-04
FI-MN,FI,MN,finland,mongolia,not_required,30,51.5,USD,https://evisa.mn/,2026-09-04
FI-MX,FI,MX,finland,mexico,not_required,180,10,USD,https://consulmex.sre.gob.mx/saopaulo/index.php/visto-menu/visto-para-turista,2026-09-04
FI-NZ,FI,NZ,finland,new-zealand,eta,90,35,,https://www.immigration.govt.nz/new-zealand-visas/apply-for-a-visa/tools-and-information/your-journey-to-new-zealand/before-you-travel-to-new-zealand/paying-ivl,2026-09-04
FI-RU,FI,RU,finland,russia,eVisa,30,,,https://electronic-visa.kdmid.ru,2026-09-04
FI-UZ,FI,UZ,finland,uzbekistan,not_required,30,20,USD,https://e-visa.gov.uz/main,2026-09-04
FJ-BJ,FJ,BJ,fiji,benin,eVisa,30,,,https://evisa.bj/,2026-09-04
FJ-GN,FJ,GN,fiji,guinea,eVisa,90,100,USD,https://www.paf.gov.gn/visa/,2026-09-04
FJ-IN,FJ,IN,fiji,india,eVisa,60,25,USD,https://indianvisaonline.gov.in/visa/tvoa.html,2026-09-04
FJ-LA,FJ,LA,fiji,laos,eVisa_or_voa,30,,,https://www.laoevisa.gov.la,2026-09-04
FJ-MM,FJ,MM,fiji,myanmar,eVisa,28,70,USD,https://evisa.moip.gov.mm/,2026-09-04
FJ-UZ,FJ,UZ,fiji,uzbekistan,eVisa,30,20,USD,https://e-visa.gov.uz/main,2026-09-04
FJ-VN,FJ,VN,fiji,vietnam,eVisa,90,25,USD,https://evisa.gov.vn,2026-09-04
FM-BJ,FM,BJ,micronesia,benin,eVisa,30,,,https://evisa.bj/,2026-09-04
FM-GN,FM,GN,micronesia,guinea,eVisa,90,100,USD,https://www.paf.gov.gn/visa/,2026-09-04
FM-IN,FM,IN,micronesia,india,eVisa,60,25,USD,https://indianvisaonline.gov.in/visa/tvoa.html,2026-09-04
FM-KH,FM,KH,micronesia,cambodia,eVisa_or_voa,30,30,USD,https://www.evisa.gov.kh,2026-09-04
FM-LA,FM,LA,micronesia,laos,eVisa_or_voa,30,,,https://www.laoevisa.gov.la,2026-09-04
FM-MN,FM,MN,micronesia,mongolia,eVisa,30,51.5,USD,https://www.viewmongolia.com/mongolia-e-visa.html,2026-09-04
FM-MX,FM,MX,micronesia,mexico,not_required,180,10,USD,https://consulmex.sre.gob.mx/saopaulo/index.php/visto-menu/visto-para-turista,2026-09-04
FM-TH,FM,TH,micronesia,thailand,eVisa,60,,,https://www.thaievisa.go.th/,2026-09-04
FM-UZ,FM,UZ,micronesia,uzbekistan,eVisa,30,20,USD,https://e-visa.gov.uz/,2026-09-04
FM-VN,FM,VN,micronesia,vietnam,eVisa,90,25,USD,https://evisa.gov.vn,2026-09-04
FR-ID,FR,ID,france,indonesia,eVisa_or_voa,"30 days (e-VOA, extendable once +30)",,,https://evisa.imigrasi.go.id,2026-09-04
FR-KH,FR,KH,france,cambodia,eVisa_or_voa,,30,USD,https://www.evisa.gov.kh,2026-09-04
FR-MM,FR,MM,france,myanmar,eVisa,28,70,USD,https://evisa.moip.gov.mm,2026-09-04
FR-MY,FR,MY,france,malaysia,not_required,90,,,https://imigresen-online.imi.gov.my/mdac/main,2026-09-04
FR-NG,FR,NG,france,nigeria,eVisa,90,,,https://visa.immigration.gov.ng,2026-09-04
FR-PH,FR,PH,france,philippines,not_required,30,,,https://evisa.gov.ph/,2026-09-04
FR-SG,FR,SG,france,singapore,not_required,90,,,,2026-09-04
FR-TH,FR,TH,france,thailand,not_required,30,,,https://thaiconsulatela.thaiembassy.org/en/publicservice/visa-exemption-and-visa-on-arrival-to-thailand,2026-09-04
FR-VN,FR,VN,france,vietnam,not_required,45,,,https://evisa.xuatnhapcanh.gov.vn/web/guest/trang-chu-ttdt,2026-09-04
GA-GN,GA,GN,gabon,guinea,eVisa,90,100,USD,https://www.paf.gov.gn/visa,2026-09-04
GA-IN,GA,IN,gabon,india,eVisa,30,25,USD,https://indianvisaonline.gov.in/evisa/tvoa.html,2026-09-04
GA-KH,GA,KH,gabon,cambodia,eVisa_or_voa,30,30,USD,https://www.evisa.gov.kh,2026-09-04
GA-LA,GA,LA,gabon,laos,eVisa_or_voa,30,,,https://www.laoevisa.gov.la,2026-09-04
GA-MN,GA,MN,gabon,mongolia,eVisa,30,51.5,USD,https://en.consul.mn/visa/c/153,2026-09-04
GA-UZ,GA,UZ,gabon,uzbekistan,eVisa,30,20,USD,https://e-visa.gov.uz,2026-09-04
GA-VN,GA,VN,gabon,vietnam,eVisa,90,25,USD,https://evisa.xuatnhapcanh.gov.vn/web/guest/trang-chu-ttdt,2026-09-04
GB-AZ,GB,AZ,united-kingdom,azerbaijan,eVisa,30,25,USD,https://evisa.gov.az,2026-09-04
GB-CU,GB,CU,united-kingdom,cuba,eVisa,90,90,TRY,https://evisacuba.cu,2026-09-04
GB-GN,GB,GN,united-kingdom,guinea,eVisa,90,100,USD,https://www.paf.gov.gn/visa,2026-09-04
GB-ID,GB,ID,united-kingdom,indonesia,eVisa_or_voa,30,25,GBP,https://evisa.imigrasi.go.id,2026-09-04
GB-IN,GB,IN,united-kingdom,india,eVisa,30,25,USD,https://indianvisaonline.gov.in/visa/tvoa.html,2026-09-04
GB-JP,GB,JP,united-kingdom,japan,not_required,90,,,https://www.gov.uk/foreign-travel-advice/japan/entry-requirements,2026-09-04
GB-KH,GB,KH,united-kingdom,cambodia,eVisa_or_voa,30,30,USD,https://www.evisa.gov.kh,2026-09-04
GB-KR,GB,KR,united-kingdom,south-korea,not_required,90,,,https://www.gov.uk/foreign-travel-advice/south-korea/entry-requirements,2026-09-04
GB-LA,GB,LA,united-kingdom,laos,eVisa_or_voa,30,,,https://laoevisa.gov.la,2026-09-04
GB-MA,GB,MA,united-kingdom,morocco,not_required,90,,,https://www.moroccanconsulate.org.uk/en/Visa.html,2026-09-04
GB-ME,GB,ME,united-kingdom,montenegro,not_required,90,,,https://www.gov.uk/foreign-travel-advice/montenegro/entry-requirements,2026-09-04
GB-MM,GB,MM,united-kingdom,myanmar,eVisa,28,70,USD,https://evisa.moip.gov.mm,2026-09-04
GB-MN,GB,MN,united-kingdom,mongolia,not_required,30,51.5,USD,https://evisa.mn/,2026-09-04
GB-MX,GB,MX,united-kingdom,mexico,not_required,180,10,USD,https://consulmex.sre.gob.mx/saopaulo/index.php/visto-menu/visto-para-turista,2026-09-04
GB-MY,GB,MY,united-kingdom,malaysia,not_required,90,,,https://malaysiavisa.imi.gov.my/,2026-09-04
GB-MZ,GB,MZ,united-kingdom,mozambique,not_required,30,48,USD,https://evisa.gov.mz,2026-09-04
GB-NA,GB,NA,united-kingdom,namibia,eVisa_or_voa,90,160,,https://eservices.mhaiss.gov.na/,2026-09-04
GB-NZ,GB,NZ,united-kingdom,new-zealand,not_required,180,35,,https://www.customs.govt.nz/personal/travel-to-and-from-nz/travelling-to-nz/egate/,2026-09-04
GB-PH,GB,PH,united-kingdom,philippines,not_required,7,,,https://www.gov.uk/foreign-travel-advice/philippines/entry-requirements,2026-09-04
GB-SG,GB,SG,united-kingdom,singapore,not_required,90,,,,2026-09-04
GB-TH,GB,TH,united-kingdom,thailand,not_required,30,,,http://www.thaiembassy.org/london/en/services/7742/84395-Types-of-Visas.html,2026-09-04
GB-UZ,GB,UZ,united-kingdom,uzbekistan,not_required,30,20,USD,https://e-visa.gov.uz/main,2026-09-04
GB-VE,GB,VE,united-kingdom,venezuela,not_required,90,,,https://www.gov.uk/foreign-travel-advice/venezuela/entry-requirements,2026-09-04
GB-VN,GB,VN,united-kingdom,vietnam,not_required,45,,,https://evisa.gov.vn,2026-09-04
GD-AZ,GD,AZ,grenada,azerbaijan,visa_required,,25,USD,https://evisa.gov.az,2026-09-04
GD-IN,GD,IN,grenada,india,eVisa,60,25,USD,https://indianvisaonline.gov.in/visa/tvoa.html,2026-09-04
GD-KH,GD,KH,grenada,cambodia,eVisa_or_voa,30,30,USD,http://evisa.mfaic.gov.kh/,2026-09-04
GD-KR,GD,KR,grenada,south-korea,not_required,90,,,https://www.gov.uk/foreign-travel-advice/south-korea/entry-requirements,2026-09-04
GD-LA,GD,LA,grenada,laos,eVisa_or_voa,30,,,https://www.laoevisa.gov.la,2026-09-04
GD-MA,GD,MA,grenada,morocco,eVisa,30,,,https://www.acces-maroc.ma/#/,2026-09-04
GD-UZ,GD,UZ,grenada,uzbekistan,not_required,30,20,USD,https://akipress.com/news:623639:Uzbekistan_introduces_visa_waiver_for_20_more_countries_from_2020/,2026-09-04
GD-VN,GD,VN,grenada,vietnam,eVisa,90,25,USD,http://www.vietseatourist.vn/News/category1/news-57/No-visa-required-for-tourists-to-Phu-Quoc-on-short-stay.html,2026-09-04
GE-AZ,GE,AZ,georgia,azerbaijan,not_required,90,25,USD,https://evisa.gov.az,2026-09-04
GE-BJ,GE,BJ,georgia,benin,eVisa,30,,,https://evisa.gouv.bj/en/,2026-09-04
GE-GN,GE,GN,georgia,guinea,eVisa,90,100,USD,https://www.paf.gov.gn/visa,2026-09-04
GE-IN,GE,IN,georgia,india,eVisa,30,25,USD,https://indianvisaonline.gov.in/evisa/tvoa.html,2026-09-04
GE-KH,GE,KH,georgia,cambodia,eVisa_or_voa,30,30,USD,https://www.evisa.gov.kh,2026-09-04
GE-LA,GE,LA,georgia,laos,eVisa_or_voa,30,,,https://www.laoevisa.gov.la,2026-09-04
GE-MM,GE,MM,georgia,myanmar,eVisa,28,70,USD,https://evisa.moip.gov.mm,2026-09-04
GE-SY,GE,SY,georgia,syria,visa_on_arrival,15,,,https://english.alarabiya.net/News/middle-east/2014/03/12/Syria-issues-law-imposing-visas-on-its-visitors-,2026-09-04
GE-VN,GE,VN,georgia,vietnam,eVisa,90,25,USD,https://evisa.xuatnhapcanh.gov.vn/web/guest/trang-chu-ttdt,2026-09-04
GH-IN,GH,IN,ghana,india,eVisa,60,25,USD,https://indianvisaonline.gov.in/visa/tvoa.html,2026-09-04
GH-KH,GH,KH,ghana,cambodia,eVisa_or_voa,30,30,USD,https://www.evisa.gov.kh/,2026-09-04
GH-MM,GH,MM,ghana,myanmar,eVisa,28,70,USD,https://evisa.moip.gov.mm/,2026-09-04
GH-UZ,GH,UZ,ghana,uzbekistan,eVisa,30,20,USD,https://e-visa.gov.uz/,2026-09-04
GH-VN,GH,VN,ghana,vietnam,eVisa,90,25,USD,https://evisa.gov.vn/,2026-09-04
GM-IN,GM,IN,gambia,india,eVisa,60,25,USD,https://indianvisaonline.gov.in/visa/tvoa.html,2026-09-04
GM-KH,GM,KH,gambia,cambodia,eVisa_or_voa,30,30,USD,https://www.evisa.gov.kh,2026-09-04
GM-LA,GM,LA,gambia,laos,eVisa_or_voa,30,,,https://www.laoevisa.gov.la,2026-09-04
GM-VN,GM,VN,gambia,vietnam,eVisa,90,25,USD,https://evisa.xuatnhapcanh.gov.vn/trang-chu-ttdt,2026-09-04
GN-GQ,GN,GQ,guinea,equatorial-guinea,eVisa,30,75,USD,https://equatorialguinea-evisa.com/,2026-09-04
GN-IN,GN,IN,guinea,india,eVisa,60,25,USD,https://indianvisaonline.gov.in/visa/tvoa.html,2026-09-04
GN-KE,GN,KE,guinea,kenya,not_required,60,,,https://immigration.ecitizen.go.ke/index.php?id=5,2026-09-04
GN-KH,GN,KH,guinea,cambodia,eVisa_or_voa,30,30,USD,https://www.evisa.gov.kh/,2026-09-04
GN-MM,GN,MM,guinea,myanmar,eVisa,28,70,USD,https://evisa.moip.gov.mm/,2026-09-04
GN-MN,GN,MN,guinea,mongolia,eVisa,30,51.5,USD,https://evisa.mn,2026-09-04
GN-VN,GN,VN,guinea,vietnam,eVisa,90,25,USD,https://evisa.gov.vn/,2026-09-04
GQ-GN,GQ,GN,equatorial-guinea,guinea,eVisa,90,100,USD,https://www.paf.gov.gn/visa,2026-09-04
GQ-IN,GQ,IN,equatorial-guinea,india,eVisa,60,25,USD,https://indianvisaonline.gov.in/evisa/tvoa.html,2026-09-04
GQ-KE,GQ,KE,equatorial-guinea,kenya,not_required,60,,,https://immigration.ecitizen.go.ke/index.php?id=5,2026-09-04
GQ-KH,GQ,KH,equatorial-guinea,cambodia,eVisa_or_voa,30,30,USD,https://www.evisa.gov.kh/,2026-09-04
GQ-LA,GQ,LA,equatorial-guinea,laos,eVisa_or_voa,30,,,https://www.laoevisa.gov.la,2026-09-04
GQ-MN,GQ,MN,equatorial-guinea,mongolia,eVisa,30,51.5,USD,https://evisa.mn,2026-09-04
GQ-VN,GQ,VN,equatorial-guinea,vietnam,eVisa,90,25,USD,https://evisa.gov.vn/,2026-09-04
GR-AZ,GR,AZ,greece,azerbaijan,eVisa,30,25,USD,https://evisa.gov.az,2026-09-04
GR-GN,GR,GN,greece,guinea,eVisa,90,100,USD,https://www.paf.gov.gn/visa/,2026-09-04
GR-IN,GR,IN,greece,india,eVisa,30,25,USD,https://indianvisaonline.gov.in/evisa/tvoa.html,2026-09-04
GR-KH,GR,KH,greece,cambodia,eVisa_or_voa,30,30,USD,https://www.evisa.gov.kh,2026-09-04
GR-LA,GR,LA,greece,laos,eVisa_or_voa,30,,,https://laoevisa.gov.la/faq,2026-09-04
GR-MM,GR,MM,greece,myanmar,eVisa,28,70,USD,https://evisa.moip.gov.mm,2026-09-04
GR-MN,GR,MN,greece,mongolia,not_required,30,51.5,USD,https://visasnews.com/en/mongolia-extends-visa-exemption-policy-for-34-countries-by-one-year/,2026-09-04
GR-MX,GR,MX,greece,mexico,not_required,180,10,USD,https://consulmex.sre.gob.mx/saopaulo/index.php/visto-menu/visto-para-turista,2026-09-04
GR-NZ,GR,NZ,greece,new-zealand,not_required,90,35,,https://www.immigration.govt.nz/opsmanual/#46160.htm,2026-09-04
GR-OM,GR,OM,greece,oman,not_required,14,,,https://evisa.rop.gov.om/,2026-09-04
GR-UZ,GR,UZ,greece,uzbekistan,not_required,30,20,USD,https://e-visa.gov.uz/main,2026-09-04
GR-VN,GR,VN,greece,vietnam,eVisa,30,25,USD,https://evisa.xuatnhapcanh.gov.vn/web/guest/trang-chu-ttdt,2026-09-04
GT-AZ,GT,AZ,guatemala,azerbaijan,eVisa,30,25,USD,https://evisa.gov.az/en/,2026-09-04
GT-BJ,GT,BJ,guatemala,benin,eVisa,30,,,https://evisa.bj/,2026-09-04
GT-IN,GT,IN,guatemala,india,eVisa,60,25,USD,https://indianvisaonline.gov.in/visa/tvoa.html,2026-09-04
GT-KH,GT,KH,guatemala,cambodia,eVisa_or_voa,30,30,USD,http://evisa.mfaic.gov.kh/,2026-09-04
GT-LA,GT,LA,guatemala,laos,eVisa_or_voa,30,,,https://www.laoevisa.gov.la,2026-09-04
GT-MM,GT,MM,guatemala,myanmar,eVisa,28,70,USD,https://evisa.moip.gov.mm/,2026-09-04
GT-UZ,GT,UZ,guatemala,uzbekistan,not_required,30,20,USD,https://akipress.com/news:623639:Uzbekistan_introduces_visa_waiver_for_20_more_countries_from_2020/,2026-09-04
GT-VN,GT,VN,guatemala,vietnam,eVisa,90,25,USD,https://evisa.xuatnhapcanh.gov.vn/trang-chu-ttdt,2026-09-04
GW-KH,GW,KH,guinea-bissau,cambodia,eVisa_or_voa,30,30,USD,https://www.evisa.gov.kh/,2026-09-04
GW-VN,GW,VN,guinea-bissau,vietnam,eVisa,90,25,USD,https://evisa.gov.vn/,2026-09-04
GY-BJ,GY,BJ,guyana,benin,eVisa,30,,,https://evisa.gouv.bj/en/,2026-09-04
GY-GN,GY,GN,guyana,guinea,eVisa,90,100,USD,https://www.paf.gov.gn/visa,2026-09-04
GY-IN,GY,IN,guyana,india,eVisa,30,25,USD,https://indianvisaonline.gov.in/evisa/tvoa.html,2026-09-04
GY-KH,GY,KH,guyana,cambodia,eVisa_or_voa,30,30,USD,https://www.evisa.gov.kh,2026-09-04
GY-LA,GY,LA,guyana,laos,eVisa_or_voa,30,,,https://www.laoevisa.gov.la,2026-09-04
GY-MN,GY,MN,guyana,mongolia,eVisa,30,51.5,USD,https://evisa.mn,2026-09-04
GY-UZ,GY,UZ,guyana,uzbekistan,eVisa,30,20,USD,https://e-visa.gov.uz,2026-09-04
GY-VN,GY,VN,guyana,vietnam,eVisa,90,25,USD,https://evisa.xuatnhapcanh.gov.vn/web/guest/trang-chu-ttdt,2026-09-04
HN-AZ,HN,AZ,honduras,azerbaijan,eVisa,30,25,USD,https://evisa.gov.az/en/,2026-09-04
HN-BJ,HN,BJ,honduras,benin,eVisa_or_voa,30,,,https://evisa.bj/,2026-09-04
HN-GN,HN,GN,honduras,guinea,eVisa,90,100,USD,https://www.paf.gov.gn/visa,2026-09-04
HN-IN,HN,IN,honduras,india,eVisa,60,25,USD,https://indianvisaonline.gov.in/visa/tvoa.html,2026-09-04
HN-KH,HN,KH,honduras,cambodia,eVisa_or_voa,30,30,USD,https://www.evisa.gov.kh/,2026-09-04
HN-LA,HN,LA,honduras,laos,eVisa_or_voa,30,,,https://www.laoevisa.gov.la,2026-09-04
HN-MN,HN,MN,honduras,mongolia,eVisa,30,51.5,USD,https://en.consul.mn/visa/c/153,2026-09-04
HN-UZ,HN,UZ,honduras,uzbekistan,not_required,30,20,USD,https://akipress.com/news:623639:Uzbekistan_introduces_visa_waiver_for_20_more_countries_from_2020/,2026-09-04
HN-VN,HN,VN,honduras,vietnam,eVisa,90,25,USD,https://evisa.xuatnhapcanh.gov.vn/trang-chu-ttdt,2026-09-04
HR-AZ,HR,AZ,croatia,azerbaijan,eVisa,30,25,USD,https://evisa.gov.az,2026-09-04
HR-ET,HR,ET,croatia,ethiopia,eVisa_or_voa,90,,,https://www.evisa.gov.et,2026-09-04
HR-GN,HR,GN,croatia,guinea,eVisa,90,100,USD,https://www.paf.gov.gn/visa,2026-09-04
HR-IN,HR,IN,croatia,india,eVisa,30,25,USD,https://indianvisaonline.gov.in/visa/tvoa.html,2026-09-04
HR-KH,HR,KH,croatia,cambodia,eVisa_or_voa,30,30,USD,https://www.evisa.gov.kh,2026-09-04
HR-LA,HR,LA,croatia,laos,eVisa_or_voa,30,,,https://laoevisa.gov.la,2026-09-04
HR-MM,HR,MM,croatia,myanmar,eVisa,28,70,USD,https://evisa.moip.gov.mm,2026-09-04
HR-MN,HR,MN,croatia,mongolia,not_required,30,51.5,USD,https://evisa.mn/,2026-09-04
HR-MX,HR,MX,croatia,mexico,not_required,180,10,USD,https://consulmex.sre.gob.mx/saopaulo/index.php/visto-menu/visto-para-turista,2026-09-04
HR-NZ,HR,NZ,croatia,new-zealand,eta,90,35,,https://www.immigration.govt.nz/new-zealand-visas/apply-for-a-visa/tools-and-information/your-journey-to-new-zealand/before-you-travel-to-new-zealand/paying-ivl,2026-09-04
HR-UZ,HR,UZ,croatia,uzbekistan,not_required,30,20,USD,https://e-visa.gov.uz/main,2026-09-04
HT-BJ,HT,BJ,haiti,benin,not_required,90,,,https://evisa.bj/,2026-09-04
HT-IN,HT,IN,haiti,india,eVisa,60,25,USD,https://indianvisaonline.gov.in/visa/tvoa.html,2026-09-04
HT-KH,HT,KH,haiti,cambodia,eVisa_or_voa,30,30,USD,http://evisa.mfaic.gov.kh/,2026-09-04
HT-LA,HT,LA,haiti,laos,eVisa_or_voa,30,,,https://www.laoevisa.gov.la,2026-09-04
HT-MN,HT,MN,haiti,mongolia,eVisa,30,51.5,USD,https://evisa.mn,2026-09-04
HT-TH,HT,TH,haiti,thailand,eVisa,30,,,https://www.thaievisa.go.th/,2026-09-04
HT-VN,HT,VN,haiti,vietnam,eVisa,90,25,USD,https://evisa.xuatnhapcanh.gov.vn/vi_VN/trang-chu-ttdt,2026-09-04
HU-AZ,HU,AZ,hungary,azerbaijan,eVisa,30,25,USD,https://evisa.gov.az,2026-09-04
HU-BF,HU,BF,hungary,burkina-faso,eVisa,90,,,https://applicant.visaburkina.bf,2026-09-04
HU-GN,HU,GN,hungary,guinea,eVisa,90,100,USD,https://www.paf.gov.gn/visa,2026-09-04
HU-IN,HU,IN,hungary,india,eVisa,30,25,USD,https://indianvisaonline.gov.in/evisa/tvoa.html,2026-09-04
HU-KH,HU,KH,hungary,cambodia,eVisa_or_voa,30,30,USD,https://www.evisa.gov.kh,2026-09-04
HU-LA,HU,LA,hungary,laos,eVisa_or_voa,30,,,https://www.laoevisa.gov.la,2026-09-04
HU-MM,HU,MM,hungary,myanmar,eVisa,28,70,USD,https://evisa.moip.gov.mm,2026-09-04
HU-MN,HU,MN,hungary,mongolia,not_required,30,51.5,USD,https://visasnews.com/en/mongolia-extends-visa-exemption-policy-for-34-countries-by-one-year/,2026-09-04
HU-MX,HU,MX,hungary,mexico,not_required,180,10,USD,https://consulmex.sre.gob.mx/saopaulo/index.php/visto-menu/visto-para-turista,2026-09-04
HU-NZ,HU,NZ,hungary,new-zealand,not_required,90,35,,https://www.immigration.govt.nz/new-zealand-visas/apply-for-a-visa/tools-and-information/your-journey-to-new-zealand/before-you-travel-to-new-zealand/paying-ivl,2026-09-04
HU-OM,HU,OM,hungary,oman,not_required,14,,,https://evisa.rop.gov.om,2026-09-04
HU-UZ,HU,UZ,hungary,uzbekistan,not_required,30,20,USD,https://e-visa.gov.uz/main,2026-09-04
ID-GQ,ID,GQ,indonesia,equatorial-guinea,eVisa,,75,USD,https://equatorialguinea-evisa.com/,2026-09-04
ID-IN,ID,IN,indonesia,india,eVisa,90,25,USD,https://indianvisaonline.gov.in/evisa/tvoa.html,2026-09-04
ID-JP,ID,JP,indonesia,japan,conditional_free,15,,,https://www.evisa.mofa.go.jp,2026-09-04
ID-KH,ID,KH,indonesia,cambodia,not_required,30,30,USD,https://www.evisa.gov.kh/,2026-09-04
ID-KR,ID,KR,indonesia,south-korea,visa_required,,5,TRY,https://www.koreatimes.co.kr/lifestyle/travel-food/20260225/govt-to-grant-visa-free-entry-to-indonesia-expand-automated-gates-to-eu-nationals,2026-09-04
ID-LA,ID,LA,indonesia,laos,not_required,30,,,https://laoevisa.gov.la/,2026-09-04
ID-MM,ID,MM,indonesia,myanmar,not_required,14,70,USD,https://evisa.moip.gov.mm/,2026-09-04
ID-MN,ID,MN,indonesia,mongolia,eVisa,30,51.5,USD,https://evisa.mn,2026-09-04
ID-MY,ID,MY,indonesia,malaysia,not_required,30,,,https://malaysiavisa.imi.gov.my/,2026-09-04
ID-MZ,ID,MZ,indonesia,mozambique,eta,30,48,USD,https://evisa.gov.mz,2026-09-04
ID-PH,ID,PH,indonesia,philippines,not_required,30,,,https://evisa.gov.ph/,2026-09-04
ID-SG,ID,SG,indonesia,singapore,not_required,30,,,,2026-09-04
ID-TH,ID,TH,indonesia,thailand,not_required,30,,,https://www.thaievisa.go.th/,2026-09-04
ID-UZ,ID,UZ,indonesia,uzbekistan,not_required,30,20,USD,https://e-visa.gov.uz/main,2026-09-04
ID-VN,ID,VN,indonesia,vietnam,not_required,14,,,https://en.tempo.co/read/2112848/why-vietnam-revised-its-visa-free-policy-for-indonesians,2026-09-04
IE-AZ,IE,AZ,ireland,azerbaijan,eVisa,30,25,USD,https://evisa.gov.az,2026-09-04
IE-BJ,IE,BJ,ireland,benin,eVisa,30,,,https://evisa.gouv.bj/en/,2026-09-04
IE-GN,IE,GN,ireland,guinea,eVisa,90,100,USD,https://www.paf.gov.gn/visa,2026-09-04
IE-IN,IE,IN,ireland,india,eVisa,30,25,USD,https://indianvisaonline.gov.in/evisa/tvoa.html,2026-09-04
IE-IQ,IE,IQ,ireland,iraq,eVisa_or_voa,60,75,USD,https://www.al-monitor.com/originals/2021/03/iraq-visa-on-arrival-exemption-us-eu-china-russia.html,2026-09-04
IE-KH,IE,KH,ireland,cambodia,eVisa_or_voa,30,30,USD,https://www.evisa.gov.kh,2026-09-04
IE-LA,IE,LA,ireland,laos,eVisa_or_voa,30,,,https://www.laoevisa.gov.la,2026-09-04
IE-MD,IE,MD,ireland,moldova,not_required,90,,,https://www.evisa.gov.md/Home/Index,2026-09-04
IE-MM,IE,MM,ireland,myanmar,eVisa,28,70,USD,https://evisa.moip.gov.mm,2026-09-04
IE-MN,IE,MN,ireland,mongolia,not_required,30,51.5,USD,https://evisa.mn/,2026-09-04
IE-MX,IE,MX,ireland,mexico,not_required,180,10,USD,https://consulmex.sre.gob.mx/saopaulo/index.php/visto-menu/visto-para-turista,2026-09-04
IE-NZ,IE,NZ,ireland,new-zealand,eta,90,35,,https://www.immigration.govt.nz/new-zealand-visas/apply-for-a-visa/tools-and-information/your-journey-to-new-zealand/before-you-travel-to-new-zealand/paying-ivl,2026-09-04
IE-TL,IE,TL,ireland,timor-leste,visa_on_arrival,30,30,USD,http://migracao.gov.tl/html/sub0301.php,2026-09-04
IE-UZ,IE,UZ,ireland,uzbekistan,not_required,30,20,USD,https://e-visa.gov.uz/main,2026-09-04
IE-VN,IE,VN,ireland,vietnam,eVisa,90,25,USD,https://evisa.xuatnhapcanh.gov.vn/web/guest/trang-chu-ttdt,2026-09-04
IL-AZ,IL,AZ,israel,azerbaijan,eVisa_or_voa,30,25,USD,https://evisa.gov.az,2026-09-04
IL-BH,IL,BH,israel,bahrain,eVisa_or_voa,14,,,https://www.evisa.gov.bh,2026-09-04
IL-CD,IL,CD,israel,dr-congo,eVisa,7,,,https://evisa.gouv.cd,2026-09-04
IL-GN,IL,GN,israel,guinea,eVisa,90,100,USD,https://www.paf.gov.gn/visa,2026-09-04
IL-IN,IL,IN,israel,india,eVisa,30,25,USD,https://indianvisaonline.gov.in/visa/tvoa.html,2026-09-04
IL-KH,IL,KH,israel,cambodia,eVisa_or_voa,30,30,USD,https://www.evisa.gov.kh,2026-09-04
IL-LA,IL,LA,israel,laos,eVisa_or_voa,30,,,https://laoevisa.gov.la,2026-09-04
IL-MM,IL,MM,israel,myanmar,eVisa_or_voa,28,70,USD,https://evisa.moip.gov.mm,2026-09-04
IL-MN,IL,MN,israel,mongolia,not_required,30,51.5,USD,https://evisa.mn/,2026-09-04
IL-MX,IL,MX,israel,mexico,not_required,180,10,USD,https://www.inm.gob.mx/gobmx/word/index.php/paises-no-requieren-visa-para-mexico/,2026-09-04
IL-MZ,IL,MZ,israel,mozambique,eta,30,48,USD,https://evisa.gov.mz,2026-09-04
IL-NZ,IL,NZ,israel,new-zealand,eta,90,35,,https://www.immigration.govt.nz/new-zealand-visas/apply-for-a-visa/tools-and-information/your-journey-to-new-zealand/before-you-travel-to-new-zealand/paying-ivl,2026-09-04
IL-UZ,IL,UZ,israel,uzbekistan,not_required,30,20,USD,https://mfa.uz/en/en/pages/visa-republic-uzb,2026-09-04
IL-VN,IL,VN,israel,vietnam,eVisa,90,25,USD,https://evisa.gov.vn,2026-09-04
IN-AE,IN,AE,india,united-arab-emirates,visa_required,,100,AED,https://smartservices.icp.gov.ae/echannels/web/client/guest/index.html#/dashboard,2026-09-04
IN-AL,IN,AL,india,albania,eVisa,90,,,https://e-visa.al,2026-09-04
IN-AZ,IN,AZ,india,azerbaijan,eVisa,30,30,USD,https://evisa.gov.az,2026-09-04
IN-EG,IN,EG,india,egypt,eVisa,30,,,https://www.visa2egypt.gov.eg,2026-09-04
IN-GE,IN,GE,india,georgia,eVisa,30,,,https://www.evisa.gov.ge,2026-09-04
IN-GN,IN,GN,india,guinea,eVisa,90,100,USD,https://www.paf.gov.gn/visa,2026-09-04
IN-ID,IN,ID,india,indonesia,eVisa_or_voa,30,50000,IDR,https://evisa.imigrasi.go.id,2026-09-04
IN-KG,IN,KG,india,kyrgyzstan,eVisa,60,50,USD,https://evisa.e-gov.kg,2026-09-04
IN-KH,IN,KH,india,cambodia,eVisa_or_voa,30,36,USD,https://www.evisa.gov.kh,2026-09-04
IN-LA,IN,LA,india,laos,eVisa_or_voa,30,,,https://laoevisa.gov.la,2026-09-04
IN-MM,IN,MM,india,myanmar,eVisa_or_voa,28,70,USD,https://evisa.moip.gov.mm,2026-09-04
IN-MN,IN,MN,india,mongolia,eVisa_or_voa,30,51.5,USD,https://evisa.mn,2026-09-04
IN-MY,IN,MY,india,malaysia,not_required,30,,,https://malaysiavisa.imi.gov.my/evisa/,2026-09-04
IN-PH,IN,PH,india,philippines,eVisa,14,,,https://evisa.gov.ph,2026-09-04
IN-QA,IN,QA,india,qatar,not_required,30,,,https://hayya.qa/,2026-09-04
IN-SA,IN,SA,india,saudi-arabia,visa_required,,400,SAR,http://www.saudigazette.com.sa/article/586160/SAUDI-ARABIA/GACA-allows-entry-of-Schengen-UK-and-US-visa-holders-irrespective-of-nationalities,2026-09-04
IN-SG,IN,SG,india,singapore,visa_required,,,,https://www.mfa.gov.sg/-/media/Images/MFA/OverseasMission/Chennai/List-of-AVAs/List-of-Authorised-Visa-Agents_21122020.pdf,2026-09-04
IN-TH,IN,TH,india,thailand,not_required,30,,,https://www.thaievisa.go.th/,2026-09-04
IN-TJ,IN,TJ,india,tajikistan,eVisa,60,,,https://www.evisa.tj,2026-09-04
IN-UG,IN,UG,india,uganda,eVisa,90,100,USD,https://visas.immigration.go.ug,2026-09-04
IN-UZ,IN,UZ,india,uzbekistan,not_required,30,20,USD,https://e-visa.gov.uz,2026-09-04
IN-VN,IN,VN,india,vietnam,eVisa,90,25,USD,https://evisa.gov.vn,2026-09-04
IQ-AZ,IQ,AZ,iraq,azerbaijan,visa_required,,25,USD,https://evisa.gov.az,2026-09-04
IQ-GN,IQ,GN,iraq,guinea,eVisa,90,100,USD,https://www.paf.gov.gn/visa,2026-09-04
IQ-KH,IQ,KH,iraq,cambodia,eVisa_or_voa,30,30,USD,https://www.evisa.gov.kh,2026-09-04
IQ-MM,IQ,MM,iraq,myanmar,visa_required,,70,USD,https://evisa.moip.gov.mm/,2026-09-04
IQ-NG,IQ,NG,iraq,nigeria,eVisa,90,,,https://visa.immigration.gov.ng,2026-09-04
IQ-VN,IQ,VN,iraq,vietnam,eVisa,90,25,USD,https://evisa.xuatnhapcanh.gov.vn/web/guest/trang-chu-ttdt,2026-09-04
IR-AO,IR,AO,iran,angola,eVisa,30,,,http://www.smevisa.gov.ao,2026-09-04
IR-AZ,IR,AZ,iran,azerbaijan,eVisa,30,25,USD,https://evisa.gov.az,2026-09-04
IR-BO,IR,BO,iran,bolivia,eta,30,50,USD,https://visas.cancilleria.gob.bo,2026-09-04
IR-CI,IR,CI,iran,ivory-coast,eVisa,90,,,https://snedai.com/e-visa/,2026-09-04
IR-CM,IR,CM,iran,cameroon,eVisa,30,,,https://www.evisacam.com,2026-09-04
IR-GH,IR,GH,iran,ghana,eVisa,90,260,,https://evisa.immigration.gov.gh/,2026-09-04
IR-GN,IR,GN,iran,guinea,eVisa,90,100,USD,https://www.paf.gov.gn/visa,2026-09-04
IR-GQ,IR,GQ,iran,equatorial-guinea,eVisa,90,75,USD,https://equatorialguinea-evisa.com/,2026-09-04
IR-KH,IR,KH,iran,cambodia,eVisa_or_voa,30,30,USD,https://www.evisa.gov.kh,2026-09-04
IR-PK,IR,PK,iran,pakistan,eVisa,90,25,USD,https://visa.nadra.gov.pk,2026-09-04
IR-PW,IR,PW,iran,palau,visa_on_arrival,30,200,USD,,2026-09-04
IR-QA,IR,QA,iran,qatar,eVisa_or_voa,30,,,https://hayya.qa/,2026-09-04
IR-TH,IR,TH,iran,thailand,eVisa,60,40,USD,https://thaievisa.go.th/,2026-09-04
IR-TJ,IR,TJ,iran,tajikistan,not_required,30,30,USD,https://mfa.tj/en/main/view/15484/tajikistan-and-iran-will-have-a-visa-free-system,2026-09-04
IR-UZ,IR,UZ,iran,uzbekistan,eVisa,30,20,USD,https://e-visa.gov.uz,2026-09-04
IR-VN,IR,VN,iran,vietnam,eVisa,90,25,USD,https://evisa.xuatnhapcanh.gov.vn/web/guest/trang-chu-ttdt,2026-09-04
IS-AZ,IS,AZ,iceland,azerbaijan,eVisa,30,25,USD,https://evisa.gov.az,2026-09-04
IS-BJ,IS,BJ,iceland,benin,eVisa,30,,,https://evisa.gouv.bj/en/,2026-09-04
IS-GN,IS,GN,iceland,guinea,eVisa,90,100,USD,https://www.paf.gov.gn/visa,2026-09-04
IS-IN,IS,IN,iceland,india,eVisa,30,25,USD,https://indianvisaonline.gov.in/evisa/tvoa.html,2026-09-04
IS-KH,IS,KH,iceland,cambodia,eVisa_or_voa,30,30,USD,https://www.evisa.gov.kh,2026-09-04
IS-LA,IS,LA,iceland,laos,eVisa_or_voa,30,,,https://www.laoevisa.gov.la,2026-09-04
IS-MM,IS,MM,iceland,myanmar,eVisa,28,70,USD,https://evisa.moip.gov.mm,2026-09-04
IS-MN,IS,MN,iceland,mongolia,not_required,30,51.5,USD,https://evisa.mn/,2026-09-04
IS-MX,IS,MX,iceland,mexico,not_required,180,10,USD,https://consulmex.sre.gob.mx/saopaulo/index.php/visto-menu/visto-para-turista,2026-09-04
IS-NZ,IS,NZ,iceland,new-zealand,eta,90,35,,https://www.immigration.govt.nz/new-zealand-visas/apply-for-a-visa/tools-and-information/your-journey-to-new-zealand/before-you-travel-to-new-zealand/paying-ivl,2026-09-04
IS-UZ,IS,UZ,iceland,uzbekistan,not_required,30,20,USD,https://e-visa.gov.uz/main,2026-09-04
IS-VN,IS,VN,iceland,vietnam,eVisa,90,25,USD,https://evisa.xuatnhapcanh.gov.vn/web/guest/trang-chu-ttdt,2026-09-04
IT-AZ,IT,AZ,italy,azerbaijan,eVisa,30,25,USD,https://evisa.gov.az,2026-09-04
IT-BJ,IT,BJ,italy,benin,eVisa,30,,,https://evisa.gouv.bj/en/,2026-09-04
IT-GN,IT,GN,italy,guinea,eVisa,90,100,USD,https://www.paf.gov.gn/visa,2026-09-04
IT-ID,IT,ID,italy,indonesia,eVisa_or_voa,30,,,https://www.visa-office.fr/visas/visa-indonesie/,2026-09-04
IT-IN,IT,IN,italy,india,eVisa,30,25,USD,https://indianvisaonline.gov.in/evisa/tvoa.html,2026-09-04
IT-KH,IT,KH,italy,cambodia,eVisa_or_voa,30,30,USD,https://www.evisa.gov.kh,2026-09-04
IT-LA,IT,LA,italy,laos,eVisa_or_voa,30,,,https://www.laoevisa.gov.la,2026-09-04
IT-MM,IT,MM,italy,myanmar,eVisa,28,70,USD,https://evisa.moip.gov.mm,2026-09-04
IT-MN,IT,MN,italy,mongolia,not_required,30,51.5,USD,https://evisa.mn/,2026-09-04
IT-MX,IT,MX,italy,mexico,not_required,180,10,USD,https://consulmex.sre.gob.mx/saopaulo/index.php/visto-menu/visto-para-turista,2026-09-04
IT-MY,IT,MY,italy,malaysia,not_required,90,,,https://malaysiavisa.imi.gov.my/,2026-09-04
IT-NZ,IT,NZ,italy,new-zealand,eta,90,35,,https://www.immigration.govt.nz/new-zealand-visas/apply-for-a-visa/tools-and-information/your-journey-to-new-zealand/before-you-travel-to-new-zealand/paying-ivl,2026-09-04
IT-OM,IT,OM,italy,oman,eVisa,14,,,https://evisa.rop.gov.om,2026-09-04
IT-PH,IT,PH,italy,philippines,not_required,30,,,https://evisa.gov.ph/,2026-09-04
IT-RU,IT,RU,italy,russia,eVisa,30,,,https://electronic-visa.kdmid.ru,2026-09-04
IT-SG,IT,SG,italy,singapore,not_required,90,,,,2026-09-04
IT-TH,IT,TH,italy,thailand,not_required,30,,,https://www.thaievisa.go.th/,2026-09-04
IT-UG,IT,UG,italy,uganda,eVisa,90,,,https://visas.immigration.go.ug,2026-09-04
IT-UZ,IT,UZ,italy,uzbekistan,not_required,30,20,USD,https://e-visa.gov.uz/main,2026-09-04
IT-VN,IT,VN,italy,vietnam,not_required,45,,,https://evisa.gov.vn,2026-09-04
JM-AZ,JM,AZ,jamaica,azerbaijan,eVisa,30,25,USD,https://evisa.gov.az/en/,2026-09-04
JM-BJ,JM,BJ,jamaica,benin,eVisa,30,,,https://evisa.bj/,2026-09-04
JM-IN,JM,IN,jamaica,india,eVisa,60,25,USD,https://indianvisaonline.gov.in/visa/tvoa.html,2026-09-04
JM-KH,JM,KH,jamaica,cambodia,eVisa_or_voa,30,30,USD,https://www.evisa.gov.kh/,2026-09-04
JM-KW,JM,KW,jamaica,kuwait,visa_required,30,,,https://kuwaitvisa.moi.gov.kw/,2026-09-04
JM-LA,JM,LA,jamaica,laos,eVisa_or_voa,30,,,https://www.laoevisa.gov.la,2026-09-04
JM-MM,JM,MM,jamaica,myanmar,eVisa,28,70,USD,http://evisa.moip.gov.mm/NoticetoTourists.aspx,2026-09-04
JM-MX,JM,MX,jamaica,mexico,not_required,180,10,USD,https://consulmex.sre.gob.mx/saopaulo/index.php/visto-menu/visto-para-turista,2026-09-04
JM-UZ,JM,UZ,jamaica,uzbekistan,not_required,30,20,USD,https://akipress.com/news:623639:Uzbekistan_introduces_visa_waiver_for_20_more_countries_from_2020/,2026-09-04
JM-VN,JM,VN,jamaica,vietnam,eVisa,90,25,USD,https://evisa.xuatnhapcanh.gov.vn/trang-chu-ttdt,2026-09-04
JO-AF,JO,AF,jordan,afghanistan,eVisa,30,,,http://www.straitstimes.com/asia/south-asia/afghanistan-to-issue-visas-on-arrival-to-cut-red-tape-boost-business,2026-09-04
JO-AG,JO,AG,jordan,antigua-and-barbuda,eVisa,,100,USD,https://evisa.immigration.gov.ag/agEvisa-app/,2026-09-04
JO-AM,JO,AM,jordan,armenia,eVisa_or_voa,120,31,USD,https://evisa.mfa.am,2026-09-04
JO-AZ,JO,AZ,jordan,azerbaijan,eVisa,30,25,USD,https://evisa.gov.az,2026-09-04
JO-BD,JO,BD,jordan,bangladesh,visa_required,,50,USD,http://bangladoot.se/no-visa-required-nvr-for-nrbs/,2026-09-04
JO-BH,JO,BH,jordan,bahrain,eVisa_or_voa,14,,,https://www.evisa.gov.bh/,2026-09-04
JO-BJ,JO,BJ,jordan,benin,eVisa,30,,,https://evisa.gouv.bj/en/,2026-09-04
JO-BO,JO,BO,jordan,bolivia,eVisa_or_voa,90,,,https://visas.cancilleria.gob.bo,2026-09-04
JO-GN,JO,GN,jordan,guinea,eVisa,90,100,USD,https://www.paf.gov.gn/visa,2026-09-04
JO-IN,JO,IN,jordan,india,eVisa,60,25,USD,https://indianvisaonline.gov.in/evisa/tvoa.html,2026-09-04
JO-KH,JO,KH,jordan,cambodia,eVisa_or_voa,30,30,USD,https://www.evisa.gov.kh,2026-09-04
JO-MM,JO,MM,jordan,myanmar,eVisa,28,70,USD,https://evisa.moip.gov.mm,2026-09-04
JO-UZ,JO,UZ,jordan,uzbekistan,not_required,30,20,USD,https://e-visa.gov.uz/main,2026-09-04
JO-VN,JO,VN,jordan,vietnam,eVisa,90,25,USD,https://evisa.xuatnhapcanh.gov.vn/web/guest/trang-chu-ttdt,2026-09-04
JP-AZ,JP,AZ,japan,azerbaijan,not_required,30,25,USD,https://evisa.gov.az,2026-09-04
JP-CV,JP,CV,japan,cape-verde,visa_on_arrival,30,25,EUR,https://www.ease.gov.cv,2026-09-04
JP-GN,JP,GN,japan,guinea,eVisa,90,100,USD,https://www.paf.gov.gn/visa,2026-09-04
JP-ID,JP,ID,japan,indonesia,eVisa_or_voa,30,,,https://evisa.imigrasi.go.id,2026-09-04
JP-IN,JP,IN,japan,india,eVisa_or_voa,30,25,USD,https://indianvisaonline.gov.in/visa/tvoa.html,2026-09-04
JP-KH,JP,KH,japan,cambodia,eVisa_or_voa,30,30,USD,https://www.evisa.gov.kh,2026-09-04
JP-KR,JP,KR,japan,south-korea,not_required,90,,,https://www.gov.uk/foreign-travel-advice/south-korea/entry-requirements,2026-09-04
JP-LA,JP,LA,japan,laos,not_required,30,,,https://laoevisa.gov.la/,2026-09-04
JP-MM,JP,MM,japan,myanmar,eVisa_or_voa,28,70,USD,https://evisa.moip.gov.mm,2026-09-04
JP-MN,JP,MN,japan,mongolia,not_required,30,51.5,USD,https://evisa.mn/,2026-09-04
JP-MR,JP,MR,japan,mauritania,eVisa,30,30,EUR,https://anrpts.gov.mr/en,2026-09-04
JP-MX,JP,MX,japan,mexico,not_required,180,10,USD,https://consulmex.sre.gob.mx/saopaulo/index.php/visto-menu/visto-para-turista,2026-09-04
JP-MY,JP,MY,japan,malaysia,not_required,90,,,https://malaysiavisa.imi.gov.my/,2026-09-04
JP-MZ,JP,MZ,japan,mozambique,eta,30,48,USD,https://evisa.gov.mz,2026-09-04
JP-NZ,JP,NZ,japan,new-zealand,eta,90,35,,https://www.immigration.govt.nz/new-zealand-visas/apply-for-a-visa/tools-and-information/your-journey-to-new-zealand/before-you-travel-to-new-zealand/paying-ivl,2026-09-04
JP-PH,JP,PH,japan,philippines,not_required,30,,,https://evisa.gov.ph/,2026-09-04
JP-SG,JP,SG,japan,singapore,not_required,30,,,,2026-09-04
JP-TH,JP,TH,japan,thailand,not_required,30,,,https://www.thaievisa.go.th/,2026-09-04
JP-TJ,JP,TJ,japan,tajikistan,not_required,30,30,USD,https://www.evisa.tj,2026-09-04
JP-UG,JP,UG,japan,uganda,eVisa,90,,,https://visas.immigration.go.ug,2026-09-04
JP-UZ,JP,UZ,japan,uzbekistan,not_required,30,20,USD,https://e-visa.gov.uz/main,2026-09-04
JP-VN,JP,VN,japan,vietnam,not_required,45,,,https://evisa.gov.vn,2026-09-04
KE-IN,KE,IN,kenya,india,eVisa,60,25,USD,https://indianvisaonline.gov.in/visa/tvoa.html,2026-09-04
KE-KH,KE,KH,kenya,cambodia,eVisa_or_voa,30,30,USD,https://www.evisa.gov.kh/,2026-09-04
KE-LA,KE,LA,kenya,laos,eVisa_or_voa,30,,,https://www.laoevisa.gov.la,2026-09-04
KE-MM,KE,MM,kenya,myanmar,eVisa,28,70,USD,https://evisa.moip.gov.mm/,2026-09-04
KE-VN,KE,VN,kenya,vietnam,eVisa,90,25,USD,https://evisa.gov.vn/,2026-09-04
KG-AZ,KG,AZ,kyrgyzstan,azerbaijan,not_required,90,25,USD,https://evisa.gov.az,2026-09-04
KG-BJ,KG,BJ,kyrgyzstan,benin,eVisa,30,,,https://evisa.bj/,2026-09-04
KG-KE,KG,KE,kyrgyzstan,kenya,eta,90,,,https://immigration.ecitizen.go.ke/index.php?id=5,2026-09-04
KG-KH,KG,KH,kyrgyzstan,cambodia,eVisa_or_voa,30,30,USD,https://www.evisa.gov.kh/,2026-09-04
KG-LA,KG,LA,kyrgyzstan,laos,eVisa_or_voa,30,,,https://www.laoevisa.gov.la,2026-09-04
KG-MM,KG,MM,kyrgyzstan,myanmar,eVisa,28,70,USD,https://evisa.moip.gov.mm,2026-09-04
KG-MN,KG,MN,kyrgyzstan,mongolia,not_required,90,51.5,USD,https://evisa.mn/,2026-09-04
KG-SY,KG,SY,kyrgyzstan,syria,eVisa_or_voa,15,,,https://evisa.sy/home-content,2026-09-04
KG-TH,KG,TH,kyrgyzstan,thailand,eVisa_or_voa,15,,,https://www.thaievisa.go.th/,2026-09-04
KG-UZ,KG,UZ,kyrgyzstan,uzbekistan,not_required,60,20,USD,https://e-visa.gov.uz/main,2026-09-04
KH-BJ,KH,BJ,cambodia,benin,eVisa,30,,,https://evisa.gouv.bj/en/,2026-09-04
KH-GN,KH,GN,cambodia,guinea,eVisa,90,100,USD,https://www.paf.gov.gn/visa,2026-09-04
KH-ID,KH,ID,cambodia,indonesia,not_required,30,,,https://evisa.imigrasi.go.id/,2026-09-04
KH-IN,KH,IN,cambodia,india,eVisa,30,25,USD,https://indianvisaonline.gov.in/evisa/tvoa.html,2026-09-04
KH-LA,KH,LA,cambodia,laos,not_required,30,,,https://laoevisa.gov.la/,2026-09-04
KH-MM,KH,MM,cambodia,myanmar,not_required,14,70,USD,http://www.gmanetwork.com/news/story/338457/pinoyabroad/news/pinoys-may-now-enjoy-visa-free-entry-to-myanmar,2026-09-04
KH-MN,KH,MN,cambodia,mongolia,eVisa,30,51.5,USD,https://evisa.mn,2026-09-04
KH-MY,KH,MY,cambodia,malaysia,not_required,30,,,https://malaysiavisa.imi.gov.my/,2026-09-04
KH-PH,KH,PH,cambodia,philippines,not_required,30,,,https://evisa.gov.ph/,2026-09-04
KH-SG,KH,SG,cambodia,singapore,not_required,30,,,,2026-09-04
KH-TH,KH,TH,cambodia,thailand,not_required,7,,,https://www.thaievisa.go.th/,2026-09-04
KH-UZ,KH,UZ,cambodia,uzbekistan,eVisa,30,20,USD,https://e-visa.gov.uz,2026-09-04
KH-VN,KH,VN,cambodia,vietnam,not_required,30,,,https://evisa.gov.vn,2026-09-04
KI-BJ,KI,BJ,kiribati,benin,eVisa,30,,,https://evisa.bj/,2026-09-04
KI-GN,KI,GN,kiribati,guinea,eVisa,90,100,USD,https://www.paf.gov.gn/visa/,2026-09-04
KI-IN,KI,IN,kiribati,india,eVisa,60,25,USD,https://indianvisaonline.gov.in/visa/tvoa.html,2026-09-04
KI-LA,KI,LA,kiribati,laos,eVisa_or_voa,30,,,https://www.laoevisa.gov.la,2026-09-04
KI-MM,KI,MM,kiribati,myanmar,eVisa,28,70,USD,https://evisa.moip.gov.mm/,2026-09-04
KI-MN,KI,MN,kiribati,mongolia,eVisa,30,51.5,USD,https://evisa.mn,2026-09-04
KI-SR,KI,SR,kiribati,suriname,not_required,90,25,USD,https://suriname.vfsevisa.com/suriname/online/home/who-can-apply-for-eVisa,2026-09-04
KI-UZ,KI,UZ,kiribati,uzbekistan,eVisa,30,20,USD,https://e-visa.gov.uz/,2026-09-04
KI-VN,KI,VN,kiribati,vietnam,eVisa,90,25,USD,https://evisa.gov.vn/,2026-09-04
KM-GN,KM,GN,comoros,guinea,eVisa,90,100,USD,https://www.paf.gov.gn/visa,2026-09-04
KM-IN,KM,IN,comoros,india,eVisa,60,25,USD,https://indianvisaonline.gov.in/visa/tvoa.html,2026-09-04
KM-KE,KM,KE,comoros,kenya,not_required,90,,,https://evisa.go.ke/,2026-09-04
KM-KH,KM,KH,comoros,cambodia,eVisa_or_voa,30,30,USD,https://www.evisa.gov.kh/,2026-09-04
KM-LA,KM,LA,comoros,laos,eVisa_or_voa,30,,,https://www.laoevisa.gov.la,2026-09-04
KM-VN,KM,VN,comoros,vietnam,eVisa,90,25,USD,https://evisa.gov.vn/,2026-09-04
KN-AZ,KN,AZ,saint-kitts-and-nevis,azerbaijan,visa_required,,25,USD,https://dubai.mfa.gov.az/en/content/54/important-information-for-uae-residents,2026-09-04
KN-BJ,KN,BJ,saint-kitts-and-nevis,benin,eVisa,30,,,https://evisa.gouv.bj/en/,2026-09-04
KN-BT,KN,BT,saint-kitts-and-nevis,bhutan,eVisa,90,40,USD,https://visit.doi.gov.bt,2026-09-04
KN-IN,KN,IN,saint-kitts-and-nevis,india,eVisa,30,25,USD,https://indianvisaonline.gov.in/visa/tvoa.html,2026-09-04
KN-KH,KN,KH,saint-kitts-and-nevis,cambodia,eVisa_or_voa,30,30,USD,http://evisa.mfaic.gov.kh/,2026-09-04
KN-LA,KN,LA,saint-kitts-and-nevis,laos,eVisa_or_voa,30,,,https://www.laoevisa.gov.la,2026-09-04
KN-UZ,KN,UZ,saint-kitts-and-nevis,uzbekistan,not_required,30,20,USD,https://akipress.com/news:623639:Uzbekistan_introduces_visa_waiver_for_20_more_countries_from_2020/,2026-09-04
KN-VN,KN,VN,saint-kitts-and-nevis,vietnam,eVisa,90,25,USD,https://evisa.gov.vn,2026-09-04
KP-BJ,KP,BJ,north-korea,benin,eVisa,30,,,https://evisa.gouv.bj/en/,2026-09-04
KP-GN,KP,GN,north-korea,guinea,eVisa,90,100,USD,https://www.paf.gov.gn/visa,2026-09-04
KP-KH,KP,KH,north-korea,cambodia,eVisa_or_voa,30,30,USD,https://www.evisa.gov.kh/,2026-09-04
KP-LA,KP,LA,north-korea,laos,eVisa_or_voa,30,,,https://www.laoevisa.gov.la,2026-09-04
KP-MM,KP,MM,north-korea,myanmar,eVisa,28,70,USD,https://evisa.moip.gov.mm,2026-09-04
KP-TH,KP,TH,north-korea,thailand,eVisa,60,,,https://www.thaievisa.go.th,2026-09-04
KP-UZ,KP,UZ,north-korea,uzbekistan,eVisa,30,20,USD,https://e-visa.gov.uz,2026-09-04
KP-VN,KP,VN,north-korea,vietnam,eVisa,90,25,USD,https://evisa.xuatnhapcanh.gov.vn/web/guest/trang-chu-ttdt,2026-09-04
KR-AZ,KR,AZ,south-korea,azerbaijan,not_required,30,25,USD,https://evisa.gov.az,2026-09-04
KR-CV,KR,CV,south-korea,cape-verde,visa_on_arrival,30,25,EUR,https://www.ease.gov.cv,2026-09-04
KR-GN,KR,GN,south-korea,guinea,eVisa,90,100,USD,https://www.paf.gov.gn/visa,2026-09-04
KR-GQ,KR,GQ,south-korea,equatorial-guinea,eVisa,30,75,USD,https://equatorialguinea-evisa.com/,2026-09-04
KR-ID,KR,ID,south-korea,indonesia,eVisa_or_voa,30,,,https://evisa.imigrasi.go.id,2026-09-04
KR-IN,KR,IN,south-korea,india,eVisa_or_voa,30,25,USD,https://indianvisaonline.gov.in/visa/tvoa.html,2026-09-04
KR-JP,KR,JP,south-korea,japan,not_required,90,,,https://www.evisa.mofa.go.jp,2026-09-04
KR-KH,KR,KH,south-korea,cambodia,eVisa_or_voa,30,30,USD,https://www.evisa.gov.kh,2026-09-04
KR-LA,KR,LA,south-korea,laos,not_required,30,,,https://laoevisa.gov.la,2026-09-04
KR-MM,KR,MM,south-korea,myanmar,eVisa_or_voa,28,70,USD,https://evisa.moip.gov.mm,2026-09-04
KR-MN,KR,MN,south-korea,mongolia,not_required,90,51.5,USD,https://evisa.mn/,2026-09-04
KR-MX,KR,MX,south-korea,mexico,not_required,180,10,USD,https://consulmex.sre.gob.mx/saopaulo/index.php/visto-menu/visto-para-turista,2026-09-04
KR-MY,KR,MY,south-korea,malaysia,not_required,90,,,https://malaysiavisa.imi.gov.my/,2026-09-04
KR-MZ,KR,MZ,south-korea,mozambique,eta,30,48,USD,https://evisa.gov.mz,2026-09-04
KR-NZ,KR,NZ,south-korea,new-zealand,eta,90,35,,https://www.customs.govt.nz/personal/travel-to-and-from-nz/travelling-to-nz/egate/,2026-09-04
KR-PH,KR,PH,south-korea,philippines,not_required,30,,,https://evisa.gov.ph/,2026-09-04
KR-SG,KR,SG,south-korea,singapore,not_required,90,,,,2026-09-04
KR-TH,KR,TH,south-korea,thailand,not_required,90,,,https://www.thaievisa.go.th/,2026-09-04
KR-UZ,KR,UZ,south-korea,uzbekistan,not_required,30,20,USD,https://e-visa.gov.uz/main,2026-09-04
KR-VN,KR,VN,south-korea,vietnam,not_required,45,,,https://evisa.gov.vn,2026-09-04
KW-AZ,KW,AZ,kuwait,azerbaijan,not_required,30,25,USD,https://evisa.gov.az/en/,2026-09-04
KW-BJ,KW,BJ,kuwait,benin,eVisa,30,,,https://evisa.gouv.bj/en/,2026-09-04
KW-IN,KW,IN,kuwait,india,eVisa,30,25,USD,https://indianvisaonline.gov.in/visa/tvoa.html,2026-09-04
KW-KE,KW,KE,kuwait,kenya,eta,90,,,https://www.migration.gov.rw/visa/visitors-visa,2026-09-04
KW-KH,KW,KH,kuwait,cambodia,eVisa_or_voa,30,30,USD,https://www.evisa.gov.kh/,2026-09-04
KW-LA,KW,LA,kuwait,laos,eVisa_or_voa,30,,,https://www.laoevisa.gov.la,2026-09-04
KW-MM,KW,MM,kuwait,myanmar,eVisa,28,70,USD,https://evisa.moip.gov.mm/,2026-09-04
KW-MN,KW,MN,kuwait,mongolia,eVisa_or_voa,30,51.5,USD,https://evisa.mn,2026-09-04
KW-MY,KW,MY,kuwait,malaysia,not_required,90,,,https://malaysiavisa.imi.gov.my/,2026-09-04
KW-NZ,KW,NZ,kuwait,new-zealand,eta,90,35,,https://www.immigration.govt.nz/opsmanual/#46160.htm,2026-09-04
KW-PH,KW,PH,kuwait,philippines,not_required,30,,,https://evisa.gov.ph/,2026-09-04
KW-SG,KW,SG,kuwait,singapore,not_required,30,,,,2026-09-04
KW-TH,KW,TH,kuwait,thailand,not_required,30,,,https://www.thaievisa.go.th/,2026-09-04
KW-UZ,KW,UZ,kuwait,uzbekistan,not_required,30,20,USD,https://e-visa.gov.uz,2026-09-04
KW-VN,KW,VN,kuwait,vietnam,eVisa,90,25,USD,https://www.vietnam-visa.com/conditions-to-get-vietnam-visa-exemption-to-visit-phu-quoc-island/,2026-09-04
KZ-AZ,KZ,AZ,kazakhstan,azerbaijan,not_required,90,25,USD,https://evisa.gov.az,2026-09-04
KZ-GN,KZ,GN,kazakhstan,guinea,eVisa,90,100,USD,https://www.paf.gov.gn/visa,2026-09-04
KZ-IN,KZ,IN,kazakhstan,india,eVisa,30,25,USD,https://travel-buddy.ai/india-free-30-day-visas-kazakhstan-citizens/,2026-09-04
KZ-KG,KZ,KG,kazakhstan,kyrgyzstan,not_required,90,90,TRY,https://www.evisa.e-gov.kg/,2026-09-04
KZ-KH,KZ,KH,kazakhstan,cambodia,eVisa_or_voa,30,30,USD,https://www.evisa.gov.kh,2026-09-04
KZ-LA,KZ,LA,kazakhstan,laos,eVisa_or_voa,30,,,https://www.laoevisa.gov.la,2026-09-04
KZ-MM,KZ,MM,kazakhstan,myanmar,eVisa,28,70,USD,https://evisa.moip.gov.mm,2026-09-04
KZ-MN,KZ,MN,kazakhstan,mongolia,not_required,90,51.5,USD,https://evisa.mn/,2026-09-04
KZ-MZ,KZ,MZ,kazakhstan,mozambique,eVisa_or_voa,30,190,USD,https://evisa.gov.mz,2026-09-04
LA-BJ,LA,BJ,laos,benin,eVisa,30,,,https://evisa.gouv.bj/en/,2026-09-04
LA-GN,LA,GN,laos,guinea,eVisa,90,100,USD,https://www.paf.gov.gn/visa,2026-09-04
LA-ID,LA,ID,laos,indonesia,not_required,30,,,https://evisa.imigrasi.go.id/,2026-09-04
LA-IN,LA,IN,laos,india,eVisa,30,25,USD,https://indianvisaonline.gov.in/evisa/tvoa.html,2026-09-04
LA-KH,LA,KH,laos,cambodia,not_required,30,30,USD,https://www.evisa.gov.kh/,2026-09-04
LA-MM,LA,MM,laos,myanmar,not_required,14,70,USD,https://evisa.moip.gov.mm/,2026-09-04
LA-MN,LA,MN,laos,mongolia,not_required,30,51.5,USD,https://evisa.mn/,2026-09-04
LA-MY,LA,MY,laos,malaysia,not_required,30,,,https://malaysiavisa.imi.gov.my/,2026-09-04
LA-PH,LA,PH,laos,philippines,not_required,30,,,https://evisa.gov.ph/,2026-09-04
LA-SG,LA,SG,laos,singapore,not_required,30,,,,2026-09-04
LA-TH,LA,TH,laos,thailand,not_required,30,,,https://www.thaievisa.go.th/,2026-09-04
LA-UZ,LA,UZ,laos,uzbekistan,eVisa,30,20,USD,https://e-visa.gov.uz,2026-09-04
LA-VN,LA,VN,laos,vietnam,not_required,30,,,https://evisa.gov.vn,2026-09-04
LB-AO,LB,AO,lebanon,angola,eVisa,30,,,http://www.smevisa.gov.ao,2026-09-04
LB-BF,LB,BF,lebanon,burkina-faso,eVisa,90,,,https://applicant.visaburkina.bf,2026-09-04
LB-CD,LB,CD,lebanon,dr-congo,eVisa,7,,,https://evisa.gouv.cd,2026-09-04
LB-CF,LB,CF,lebanon,central-african-republic,visa_required,,0,XAF,https://travel.state.gov/content/passports/en/country/central-african-republic.html,2026-09-04
LB-CI,LB,CI,lebanon,ivory-coast,eVisa,90,,,https://snedai.com/e-visa/,2026-09-04
LB-DJ,LB,DJ,lebanon,djibouti,eVisa_or_voa,90,12,,https://www.evisa.gouv.dj,2026-09-04
LB-ET,LB,ET,lebanon,ethiopia,eVisa_or_voa,90,,,https://www.evisa.gov.et,2026-09-04
LB-GA,LB,GA,lebanon,gabon,eVisa,90,,,https://evisa.dgdi.ga,2026-09-04
LB-GH,LB,GH,lebanon,ghana,eVisa,90,260,,https://evisa.immigration.gov.gh/,2026-09-04
LB-GN,LB,GN,lebanon,guinea,eVisa,90,80,USD,https://www.paf.gov.gn/visa,2026-09-04
LB-GQ,LB,GQ,lebanon,equatorial-guinea,eVisa,,75,USD,https://equatorialguinea-evisa.com,2026-09-04
LB-KH,LB,KH,lebanon,cambodia,eVisa_or_voa,30,30,USD,https://www.evisa.gov.kh,2026-09-04
LB-MG,LB,MG,lebanon,madagascar,eVisa_or_voa,90,59,USD,https://evisa.gov.ly,2026-09-04
LB-NG,LB,NG,lebanon,nigeria,eVisa,30,,,https://evisa.immigration.gov.ng,2026-09-04
LB-NI,LB,NI,lebanon,nicaragua,eVisa,30,2,USD,https://tramitesconsulares.mint.gob.ni/,2026-09-04
LB-OM,LB,OM,lebanon,oman,not_required,14,,,https://evisa.rop.gov.om,2026-09-04
LB-SG,LB,SG,lebanon,singapore,eVisa,30,,,https://www.ica.gov.sg/enter-transit-depart/entering-singapore/visa_requirements,2026-09-04
LB-SL,LB,SL,lebanon,sierra-leone,eVisa_or_voa,30,,,https://evisa.sl,2026-09-04
LB-ST,LB,ST,lebanon,sao-tome-and-principe,eVisa,30,,,http://www.smf.st/evisa/,2026-09-04
LB-TD,LB,TD,lebanon,chad,eVisa,90,,,https://evisa.td,2026-09-04
LB-TH,LB,TH,lebanon,thailand,eVisa,60,,,https://www.thaievisa.go.th,2026-09-04
LB-TL,LB,TL,lebanon,timor-leste,visa_on_arrival,30,75,USD,https://travel.state.gov/content/travel/en/international-travel/International-Travel-Country-Information-Pages/Timor-Leste.html,2026-09-04
LB-TR,LB,TR,lebanon,turkiye,not_required,90,,,https://www.evisa.gov.tr/,2026-09-04
LB-UG,LB,UG,lebanon,uganda,eVisa,90,,,https://visas.immigration.go.ug,2026-09-04
LB-UZ,LB,UZ,lebanon,uzbekistan,eVisa,30,20,USD,https://e-visa.gov.uz,2026-09-04
LB-VN,LB,VN,lebanon,vietnam,eVisa,90,25,USD,https://evisa.gov.vn,2026-09-04
LB-ZM,LB,ZM,lebanon,zambia,eVisa,90,,,https://eservices.zambiaimmigration.gov.zm,2026-09-04
LC-BJ,LC,BJ,saint-lucia,benin,eVisa,30,,,https://evisa.bj/,2026-09-04
LC-GN,LC,GN,saint-lucia,guinea,eVisa,90,100,USD,https://www.paf.gov.gn/visa/,2026-09-04
LC-IN,LC,IN,saint-lucia,india,eVisa,30,25,USD,https://indianvisaonline.gov.in/visa/tvoa.html,2026-09-04
LC-KH,LC,KH,saint-lucia,cambodia,eVisa_or_voa,30,30,USD,http://evisa.mfaic.gov.kh/,2026-09-04
LC-LA,LC,LA,saint-lucia,laos,eVisa_or_voa,30,,,https://www.laoevisa.gov.la,2026-09-04
LC-MN,LC,MN,saint-lucia,mongolia,eVisa,30,51.5,USD,https://en.consul.mn/visa/c/153,2026-09-04
LC-UZ,LC,UZ,saint-lucia,uzbekistan,not_required,30,20,USD,https://akipress.com/news:623639:Uzbekistan_introduces_visa_waiver_for_20_more_countries_from_2020/,2026-09-04
LC-VN,LC,VN,saint-lucia,vietnam,eVisa,90,25,USD,https://evisa.xuatnhapcanh.gov.vn/vi_VN/trang-chu-ttdt,2026-09-04
LI-AZ,LI,AZ,liechtenstein,azerbaijan,eVisa,30,25,USD,https://evisa.gov.az/en/,2026-09-04
LI-BJ,LI,BJ,liechtenstein,benin,eVisa,30,,,https://evisa.bj/,2026-09-04
LI-GN,LI,GN,liechtenstein,guinea,eVisa,90,100,USD,https://www.paf.gov.gn/visa,2026-09-04
LI-IN,LI,IN,liechtenstein,india,eVisa,60,25,USD,https://indianvisaonline.gov.in/visa/tvoa.html,2026-09-04
LI-KH,LI,KH,liechtenstein,cambodia,eVisa_or_voa,30,30,USD,https://www.evisa.gov.kh/,2026-09-04
LI-LA,LI,LA,liechtenstein,laos,eVisa_or_voa,30,,,https://laoevisa.gov.la/faq,2026-09-04
LI-MN,LI,MN,liechtenstein,mongolia,not_required,30,51.5,USD,https://evisa.mn/,2026-09-04
LI-MX,LI,MX,liechtenstein,mexico,not_required,180,10,USD,https://consulmex.sre.gob.mx/saopaulo/index.php/visto-menu/visto-para-turista,2026-09-04
LI-NZ,LI,NZ,liechtenstein,new-zealand,eta,90,35,,https://www.immigration.govt.nz/new-zealand-visas/apply-for-a-visa/tools-and-information/your-journey-to-new-zealand/before-you-travel-to-new-zealand/paying-ivl,2026-09-04
LI-UZ,LI,UZ,liechtenstein,uzbekistan,not_required,30,20,USD,https://web.archive.org/web/20181124014649/https://mfa.uz/en/consular/visa/,2026-09-04
LI-VN,LI,VN,liechtenstein,vietnam,eVisa,30,25,USD,https://evisa.gov.vn,2026-09-04
LK-AZ,LK,AZ,sri-lanka,azerbaijan,eVisa,30,25,USD,https://evisa.gov.az,2026-09-04
LK-BJ,LK,BJ,sri-lanka,benin,eVisa,30,50,EUR,https://evisa.gouv.bj/en/,2026-09-04
LK-GN,LK,GN,sri-lanka,guinea,eVisa,90,100,USD,https://www.paf.gov.gn/visa,2026-09-04
LK-IN,LK,IN,sri-lanka,india,eVisa,30,25,USD,https://indianvisaonline.gov.in/visa/tvoa.html,2026-09-04
LK-KH,LK,KH,sri-lanka,cambodia,eVisa_or_voa,30,30,USD,https://www.evisa.gov.kh,2026-09-04
LK-LA,LK,LA,sri-lanka,laos,eVisa_or_voa,30,,,https://laoevisa.gov.la,2026-09-04
LK-MM,LK,MM,sri-lanka,myanmar,eVisa,28,70,USD,https://evisa.moip.gov.mm,2026-09-04
LK-MY,LK,MY,sri-lanka,malaysia,eVisa,30,,,https://malaysiavisa.imi.gov.my/evisa/,2026-09-04
LK-SG,LK,SG,sri-lanka,singapore,not_required,30,,,,2026-09-04
LK-TH,LK,TH,sri-lanka,thailand,not_required,30,,,https://www.thaievisa.go.th/,2026-09-04
LK-UZ,LK,UZ,sri-lanka,uzbekistan,eVisa,30,20,USD,https://e-visa.gov.uz,2026-09-04
LK-VN,LK,VN,sri-lanka,vietnam,eVisa,90,25,USD,https://evisa.gov.vn,2026-09-04
LR-IN,LR,IN,liberia,india,eVisa,60,25,USD,https://indianvisaonline.gov.in/visa/tvoa.html,2026-09-04
LR-KE,LR,KE,liberia,kenya,not_required,60,,,https://immigration.ecitizen.go.ke/index.php?id=5,2026-09-04
LR-KH,LR,KH,liberia,cambodia,eVisa_or_voa,30,30,USD,https://www.evisa.gov.kh/,2026-09-04
LR-VN,LR,VN,liberia,vietnam,eVisa,90,25,USD,https://evisa.gov.vn/,2026-09-04
LS-IN,LS,IN,lesotho,india,eVisa,60,25,USD,https://indianvisaonline.gov.in/visa/tvoa.html,2026-09-04
LS-KH,LS,KH,lesotho,cambodia,eVisa_or_voa,30,30,USD,https://www.evisa.gov.kh/,2026-09-04
LS-MN,LS,MN,lesotho,mongolia,eVisa,30,51.5,USD,https://en.consul.mn/visa/c/153,2026-09-04
LS-TH,LS,TH,lesotho,thailand,eVisa,60,,,https://www.thaievisa.go.th,2026-09-04
LS-VN,LS,VN,lesotho,vietnam,eVisa,90,25,USD,https://evisa.xuatnhapcanh.gov.vn/vi_VN/trang-chu-ttdt,2026-09-04
LT-AZ,LT,AZ,lithuania,azerbaijan,eVisa,30,25,USD,https://evisa.gov.az/en/,2026-09-04
LT-BJ,LT,BJ,lithuania,benin,eVisa,30,,,https://evisa.bj/,2026-09-04
LT-GN,LT,GN,lithuania,guinea,eVisa,90,100,USD,https://www.paf.gov.gn/visa,2026-09-04
LT-IN,LT,IN,lithuania,india,eVisa,60,25,USD,https://indianvisaonline.gov.in/visa/tvoa.html,2026-09-04
LT-KH,LT,KH,lithuania,cambodia,eVisa_or_voa,30,30,USD,http://evisa.mfaic.gov.kh/,2026-09-04
LT-LA,LT,LA,lithuania,laos,eVisa_or_voa,30,,,https://laoevisa.gov.la/faq,2026-09-04
LT-MM,LT,MM,lithuania,myanmar,eVisa,28,70,USD,https://www.myanmarevisa.gov.mm/,2026-09-04
LT-MN,LT,MN,lithuania,mongolia,not_required,30,51.5,USD,https://evisa.mn/,2026-09-04
LT-MX,LT,MX,lithuania,mexico,not_required,180,10,USD,https://consulmex.sre.gob.mx/saopaulo/index.php/visto-menu/visto-para-turista,2026-09-04
LT-NZ,LT,NZ,lithuania,new-zealand,eta,90,35,,https://www.immigration.govt.nz/opsmanual/#46511.htm,2026-09-04
LT-UZ,LT,UZ,lithuania,uzbekistan,not_required,30,20,USD,https://web.archive.org/web/20181124014649/https://mfa.uz/en/consular/visa/,2026-09-04
LT-VN,LT,VN,lithuania,vietnam,eVisa,90,25,USD,http://www.vietseatourist.vn/News/category1/news-57/No-visa-required-for-tourists-to-Phu-Quoc-on-short-stay.html,2026-09-04
LU-AZ,LU,AZ,luxembourg,azerbaijan,eVisa,30,25,USD,https://evisa.gov.az,2026-09-04
LU-BJ,LU,BJ,luxembourg,benin,eVisa,30,,,https://evisa.gouv.bj/en/,2026-09-04
LU-GN,LU,GN,luxembourg,guinea,eVisa,90,100,USD,https://www.paf.gov.gn/visa,2026-09-04
LU-IN,LU,IN,luxembourg,india,eVisa,30,25,USD,https://indianvisaonline.gov.in/evisa/tvoa.html,2026-09-04
LU-KH,LU,KH,luxembourg,cambodia,eVisa_or_voa,30,30,USD,https://www.evisa.gov.kh,2026-09-04
LU-MM,LU,MM,luxembourg,myanmar,eVisa_or_voa,28,70,USD,https://evisa.moip.gov.mm/,2026-09-04
LU-MN,LU,MN,luxembourg,mongolia,not_required,30,51.5,USD,https://en.consul.mn/visa/c/83,2026-09-04
LU-MX,LU,MX,luxembourg,mexico,not_required,180,10,USD,https://consulmex.sre.gob.mx/saopaulo/index.php/visto-menu/visto-para-turista,2026-09-04
LU-NZ,LU,NZ,luxembourg,new-zealand,eta,90,35,,https://www.immigration.govt.nz/new-zealand-visas/apply-for-a-visa/tools-and-information/your-journey-to-new-zealand/before-you-travel-to-new-zealand/paying-ivl,2026-09-04
LU-UZ,LU,UZ,luxembourg,uzbekistan,not_required,30,20,USD,https://e-visa.gov.uz/main,2026-09-04
LU-VN,LU,VN,luxembourg,vietnam,not_required,45,25,USD,https://evisa.xuatnhapcanh.gov.vn/web/guest/trang-chu-ttdt,2026-09-04
LV-AO,LV,AO,latvia,angola,not_required,30,,,https://www.smevisa.gov.ao/,2026-09-04
LV-AZ,LV,AZ,latvia,azerbaijan,eVisa,30,25,USD,https://evisa.gov.az/en/,2026-09-04
LV-BJ,LV,BJ,latvia,benin,eVisa,30,,,https://evisa.bj/,2026-09-04
LV-GN,LV,GN,latvia,guinea,eVisa,90,100,USD,https://www.paf.gov.gn/visa,2026-09-04
LV-IN,LV,IN,latvia,india,eVisa,60,25,USD,https://indianvisaonline.gov.in/visa/tvoa.html,2026-09-04
LV-KH,LV,KH,latvia,cambodia,eVisa_or_voa,30,30,USD,http://evisa.mfaic.gov.kh/,2026-09-04
LV-LA,LV,LA,latvia,laos,eVisa_or_voa,30,,,https://laoevisa.gov.la/,2026-09-04
LV-MM,LV,MM,latvia,myanmar,eVisa,28,70,USD,https://www.myanmarevisa.gov.mm/,2026-09-04
LV-MN,LV,MN,latvia,mongolia,not_required,30,51.5,USD,http://consul.mn/eng/03visae.php,2026-09-04
LV-MX,LV,MX,latvia,mexico,not_required,180,10,USD,https://consulmex.sre.gob.mx/saopaulo/index.php/visto-menu/visto-para-turista,2026-09-04
LV-NZ,LV,NZ,latvia,new-zealand,eta,90,35,,https://www.immigration.govt.nz/opsmanual/#46511.htm,2026-09-04
LV-UZ,LV,UZ,latvia,uzbekistan,not_required,30,20,USD,https://web.archive.org/web/20181124014649/https://mfa.uz/en/consular/visa/,2026-09-04
LV-VN,LV,VN,latvia,vietnam,eVisa,90,25,USD,https://evisa.gov.vn/,2026-09-04
LY-GN,LY,GN,libya,guinea,eVisa,90,100,USD,https://www.paf.gov.gn/visa,2026-09-04
LY-KH,LY,KH,libya,cambodia,eVisa_or_voa,30,30,USD,https://www.evisa.gov.kh/,2026-09-04
LY-TH,LY,TH,libya,thailand,eVisa,60,,,https://www.thaievisa.go.th,2026-09-04
LY-VN,LY,VN,libya,vietnam,eVisa,90,25,USD,https://evisa.xuatnhapcanh.gov.vn/web/guest/trang-chu-ttdt,2026-09-04
MA-AZ,MA,AZ,morocco,azerbaijan,not_required,90,25,USD,https://mfa.gov.az/en/category/visa/visa-free-countries,2026-09-04
MA-GN,MA,GN,morocco,guinea,not_required,90,100,USD,https://www.paf.gov.gn/visa/,2026-09-04
MA-IN,MA,IN,morocco,india,eVisa,30,25,USD,https://indianvisaonline.gov.in/visa/tvoa.html,2026-09-04
MA-KH,MA,KH,morocco,cambodia,eVisa_or_voa,30,30,USD,https://www.evisa.gov.kh,2026-09-04
MA-LA,MA,LA,morocco,laos,eVisa_or_voa,30,,,https://www.laoevisa.gov.la,2026-09-04
MA-MM,MA,MM,morocco,myanmar,eVisa,28,70,USD,https://evisa.moip.gov.mm,2026-09-04
MA-TZ,MA,TZ,morocco,tanzania,eVisa_or_voa,90,50,USD,https://visa.immigration.go.tz,2026-09-04
MA-UZ,MA,UZ,morocco,uzbekistan,eVisa,30,20,USD,https://e-visa.gov.uz,2026-09-04
MA-VN,MA,VN,morocco,vietnam,eVisa,90,25,USD,https://evisa.gov.vn,2026-09-04
MC-AZ,MC,AZ,monaco,azerbaijan,eVisa,30,25,USD,https://evisa.gov.az,2026-09-04
MC-BJ,MC,BJ,monaco,benin,eVisa,30,,,https://evisa.bj/,2026-09-04
MC-GN,MC,GN,monaco,guinea,eVisa,90,100,USD,https://www.paf.gov.gn/visa/,2026-09-04
MC-IN,MC,IN,monaco,india,eVisa,60,25,USD,https://indianvisaonline.gov.in/visa/tvoa.html,2026-09-04
MC-KH,MC,KH,monaco,cambodia,eVisa_or_voa,30,30,USD,http://evisa.mfaic.gov.kh/,2026-09-04
MC-LA,MC,LA,monaco,laos,eVisa_or_voa,30,,,https://www.laoevisa.gov.la,2026-09-04
MC-MM,MC,MM,monaco,myanmar,eVisa,28,70,USD,https://evisa.moip.gov.mm/,2026-09-04
MC-MN,MC,MN,monaco,mongolia,not_required,30,51.5,USD,https://evisa.mn/,2026-09-04
MC-MX,MC,MX,monaco,mexico,not_required,180,10,USD,https://consulmex.sre.gob.mx/saopaulo/index.php/visto-menu/visto-para-turista,2026-09-04
MC-NZ,MC,NZ,monaco,new-zealand,eta,90,35,,https://www.immigration.govt.nz/new-zealand-visas/apply-for-a-visa/tools-and-information/your-journey-to-new-zealand/before-you-travel-to-new-zealand/paying-ivl,2026-09-04
MC-UZ,MC,UZ,monaco,uzbekistan,not_required,30,20,USD,https://e-visa.gov.uz/main,2026-09-04
MC-VN,MC,VN,monaco,vietnam,eVisa,30,25,USD,https://evisa.gov.vn,2026-09-04
MD-AZ,MD,AZ,moldova,azerbaijan,not_required,90,25,USD,https://evisa.gov.az,2026-09-04
MD-BJ,MD,BJ,moldova,benin,eVisa,30,,,https://evisa.gouv.bj/en/,2026-09-04
MD-GN,MD,GN,moldova,guinea,eVisa,90,100,USD,https://www.paf.gov.gn/visa,2026-09-04
MD-IN,MD,IN,moldova,india,eVisa,30,25,USD,https://indianvisaonline.gov.in/visa/tvoa.html,2026-09-04
MD-KH,MD,KH,moldova,cambodia,eVisa_or_voa,30,30,USD,https://www.evisa.gov.kh,2026-09-04
MD-LA,MD,LA,moldova,laos,eVisa_or_voa,30,,,https://www.laoevisa.gov.la,2026-09-04
MD-MN,MD,MN,moldova,mongolia,eVisa,30,51.5,USD,https://evisa.mn,2026-09-04
MD-TH,MD,TH,moldova,thailand,eVisa,30,,,https://www.thaievisa.go.th/,2026-09-04
MD-VN,MD,VN,moldova,vietnam,eVisa,90,25,USD,https://evisa.xuatnhapcanh.gov.vn/web/guest/trang-chu-ttdt,2026-09-04
ME-AZ,ME,AZ,montenegro,azerbaijan,not_required,90,25,USD,https://mfa.gov.az/en/category/visa/visa-free-countries,2026-09-04
ME-BJ,ME,BJ,montenegro,benin,eVisa,30,,,https://evisa.gouv.bj/en/,2026-09-04
ME-GN,ME,GN,montenegro,guinea,eVisa,90,100,USD,https://www.paf.gov.gn/visa,2026-09-04
ME-IN,ME,IN,montenegro,india,eVisa,30,25,USD,https://indianvisaonline.gov.in/evisa/tvoa.html,2026-09-04
ME-KH,ME,KH,montenegro,cambodia,eVisa_or_voa,30,30,USD,https://www.evisa.gov.kh,2026-09-04
ME-LA,ME,LA,montenegro,laos,eVisa_or_voa,30,,,https://www.laoevisa.gov.la,2026-09-04
ME-MN,ME,MN,montenegro,mongolia,eVisa,30,51.5,USD,https://evisa.mn,2026-09-04
ME-TH,ME,TH,montenegro,thailand,eVisa,60,,,https://www.thaievisa.go.th,2026-09-04
ME-UZ,ME,UZ,montenegro,uzbekistan,not_required,30,20,USD,https://e-visa.gov.uz/main,2026-09-04
ME-VN,ME,VN,montenegro,vietnam,eVisa,90,25,USD,https://evisa.xuatnhapcanh.gov.vn/web/guest/trang-chu-ttdt,2026-09-04
MG-GN,MG,GN,madagascar,guinea,eVisa,90,100,USD,https://www.paf.gov.gn/visa,2026-09-04
MG-IN,MG,IN,madagascar,india,eVisa,30,25,USD,https://indianvisaonline.gov.in/visa/tvoa.html,2026-09-04
MG-KH,MG,KH,madagascar,cambodia,eVisa_or_voa,30,30,USD,https://www.evisa.gov.kh,2026-09-04
MG-LA,MG,LA,madagascar,laos,eVisa_or_voa,30,,,https://laoevisa.gov.la,2026-09-04
MG-MN,MG,MN,madagascar,mongolia,eVisa,30,51.5,USD,https://evisa.mn,2026-09-04
MG-MX,MG,MX,madagascar,mexico,visa_required,,10,USD,https://consulmex.sre.gob.mx/saopaulo/index.php/visto-menu/visto-para-turista,2026-09-04
MG-TH,MG,TH,madagascar,thailand,eVisa,60,,,https://www.thaievisa.go.th,2026-09-04
MG-VN,MG,VN,madagascar,vietnam,eVisa,90,25,USD,https://evisa.gov.vn,2026-09-04
MH-BJ,MH,BJ,marshall-islands,benin,eVisa,30,,,https://evisa.bj/,2026-09-04
MH-BT,MH,BT,marshall-islands,bhutan,eVisa,90,40,USD,https://visit.doi.gov.bt,2026-09-04
MH-GN,MH,GN,marshall-islands,guinea,eVisa,90,100,USD,https://www.paf.gov.gn/visa/,2026-09-04
MH-IN,MH,IN,marshall-islands,india,eVisa,30,25,USD,https://indianvisaonline.gov.in/visa/tvoa.html,2026-09-04
MH-KE,MH,KE,marshall-islands,kenya,eta,90,,,https://immigration.ecitizen.go.ke/index.php?id=5,2026-09-04
MH-KH,MH,KH,marshall-islands,cambodia,eVisa_or_voa,30,30,USD,https://www.evisa.gov.kh,2026-09-04
MH-LA,MH,LA,marshall-islands,laos,eVisa_or_voa,30,,,https://www.laoevisa.gov.la,2026-09-04
MH-MM,MH,MM,marshall-islands,myanmar,eVisa,28,70,USD,https://evisa.moip.gov.mm/,2026-09-04
MH-MX,MH,MX,marshall-islands,mexico,not_required,180,10,USD,https://consulmex.sre.gob.mx/saopaulo/index.php/visto-menu/visto-para-turista,2026-09-04
MH-UZ,MH,UZ,marshall-islands,uzbekistan,eVisa,30,20,USD,https://e-visa.gov.uz/main,2026-09-04
MH-VN,MH,VN,marshall-islands,vietnam,eVisa,90,25,USD,https://evisa.gov.vn,2026-09-04
MK-AZ,MK,AZ,north-macedonia,azerbaijan,eVisa,30,25,USD,https://evisa.gov.az,2026-09-04
MK-BJ,MK,BJ,north-macedonia,benin,eVisa,30,,,https://evisa.gouv.bj/en/,2026-09-04
MK-GN,MK,GN,north-macedonia,guinea,eVisa,90,100,USD,https://www.paf.gov.gn/visa,2026-09-04
MK-IN,MK,IN,north-macedonia,india,eVisa,60,25,USD,https://indianvisaonline.gov.in/evisa/tvoa.html,2026-09-04
MK-KH,MK,KH,north-macedonia,cambodia,eVisa_or_voa,30,30,USD,https://www.evisa.gov.kh,2026-09-04
MK-LA,MK,LA,north-macedonia,laos,eVisa_or_voa,30,,,https://www.laoevisa.gov.la,2026-09-04
MK-MN,MK,MN,north-macedonia,mongolia,eVisa,30,51.5,USD,https://evisa.mn,2026-09-04
MK-UZ,MK,UZ,north-macedonia,uzbekistan,eVisa,30,20,USD,https://e-visa.gov.uz,2026-09-04
MK-VN,MK,VN,north-macedonia,vietnam,eVisa,90,25,USD,https://evisa.xuatnhapcanh.gov.vn/web/guest/trang-chu-ttdt,2026-09-04
ML-IN,ML,IN,mali,india,eVisa,60,25,USD,https://indianvisaonline.gov.in/visa/tvoa.html,2026-09-04
ML-KH,ML,KH,mali,cambodia,eVisa_or_voa,30,30,USD,https://www.evisa.gov.kh,2026-09-04
ML-LA,ML,LA,mali,laos,eVisa_or_voa,30,,,https://www.laoevisa.gov.la,2026-09-04
ML-VN,ML,VN,mali,vietnam,eVisa,90,25,USD,https://evisa.gov.vn/,2026-09-04
MM-BJ,MM,BJ,myanmar,benin,eVisa,30,,,https://evisa.gouv.bj/en/,2026-09-04
MM-GN,MM,GN,myanmar,guinea,eVisa,90,100,USD,https://www.paf.gov.gn/visa,2026-09-04
MM-IN,MM,IN,myanmar,india,eVisa,30,25,USD,https://indianvisaonline.gov.in/evisa/tvoa.html,2026-09-04
MM-KH,MM,KH,myanmar,cambodia,not_required,14,30,USD,https://www.evisa.gov.kh/,2026-09-04
MM-MN,MM,MN,myanmar,mongolia,eVisa,30,51.5,USD,https://evisa.mn,2026-09-04
MM-TL,MM,TL,myanmar,timor-leste,visa_on_arrival,30,30,USD,https://www.migracao.gov.tl/html/sub0301.php,2026-09-04
MN-AZ,MN,AZ,mongolia,azerbaijan,eVisa,30,25,USD,https://evisa.gov.az,2026-09-04
MN-BJ,MN,BJ,mongolia,benin,eVisa,30,50,EUR,https://evisa.bj,2026-09-04
MN-GN,MN,GN,mongolia,guinea,eVisa,90,100,USD,https://www.paf.gov.gn/visa,2026-09-04
MN-IN,MN,IN,mongolia,india,eVisa,30,25,USD,https://indianvisaonline.gov.in/evisa/tvoa.html,2026-09-04
MN-KH,MN,KH,mongolia,cambodia,eVisa_or_voa,30,30,USD,https://www.evisa.gov.kh,2026-09-04
MN-MM,MN,MM,mongolia,myanmar,eVisa,28,70,USD,https://evisa.moip.gov.mm,2026-09-04
MN-UZ,MN,UZ,mongolia,uzbekistan,not_required,30,20,USD,https://e-visa.gov.uz/main,2026-09-04
MR-IN,MR,IN,mauritania,india,eVisa,30,25,USD,https://indianvisaonline.gov.in/visa/tvoa.html,2026-09-04
MR-KE,MR,KE,mauritania,kenya,not_required,60,,,https://immigration.ecitizen.go.ke/index.php?id=5,2026-09-04
MR-KH,MR,KH,mauritania,cambodia,eVisa_or_voa,30,30,USD,https://www.evisa.gov.kh/,2026-09-04
MR-LA,MR,LA,mauritania,laos,eVisa_or_voa,30,,,https://www.laoevisa.gov.la,2026-09-04
MR-VN,MR,VN,mauritania,vietnam,eVisa,90,25,USD,https://evisa.gov.vn/,2026-09-04
MT-AZ,MT,AZ,malta,azerbaijan,eVisa,30,25,USD,https://evisa.gov.az,2026-09-04
MT-GN,MT,GN,malta,guinea,eVisa,90,100,USD,https://www.paf.gov.gn/visa,2026-09-04
MT-GQ,MT,GQ,malta,equatorial-guinea,eVisa,90,75,USD,https://equatorialguinea-evisa.com/,2026-09-04
MT-IN,MT,IN,malta,india,eVisa,30,25,USD,https://indianvisaonline.gov.in/visa/tvoa.html,2026-09-04
MT-KH,MT,KH,malta,cambodia,eVisa_or_voa,30,30,USD,http://evisa.mfaic.gov.kh/,2026-09-04
MT-LA,MT,LA,malta,laos,eVisa_or_voa,30,,,https://laoevisa.gov.la/faq,2026-09-04
MT-MM,MT,MM,malta,myanmar,eVisa,28,70,USD,https://www.myanmarevisa.gov.mm/,2026-09-04
MT-MN,MT,MN,malta,mongolia,not_required,30,51.5,USD,http://ambasadamongolii.pl/tourists-from-34-countries-are-exempted-from-visa-requirements/,2026-09-04
MT-MX,MT,MX,malta,mexico,not_required,180,10,USD,https://consulmex.sre.gob.mx/saopaulo/index.php/visto-menu/visto-para-turista,2026-09-04
MT-NZ,MT,NZ,malta,new-zealand,not_required,90,35,,https://www.immigration.govt.nz/new-zealand-visas/apply-for-a-visa/tools-and-information/your-journey-to-new-zealand/before-you-travel-to-new-zealand/paying-ivl,2026-09-04
MT-UZ,MT,UZ,malta,uzbekistan,not_required,30,20,USD,https://web.archive.org/web/20181124014649/https://mfa.uz/en/consular/visa/,2026-09-04
MT-VN,MT,VN,malta,vietnam,eVisa,30,25,USD,https://evisa.gov.vn,2026-09-04
MU-AZ,MU,AZ,mauritius,azerbaijan,eVisa,30,25,USD,https://evisa.gov.az/en/,2026-09-04
MU-GN,MU,GN,mauritius,guinea,eVisa,90,100,USD,https://www.paf.gov.gn/visa/,2026-09-04
MU-IN,MU,IN,mauritius,india,eVisa,60,25,USD,https://indianvisaonline.gov.in/visa/tvoa.html,2026-09-04
MU-KH,MU,KH,mauritius,cambodia,eVisa_or_voa,30,30,USD,http://evisa.mfaic.gov.kh/,2026-09-04
MU-LA,MU,LA,mauritius,laos,eVisa_or_voa,30,,,https://www.laoevisa.gov.la,2026-09-04
MU-MM,MU,MM,mauritius,myanmar,eVisa,28,70,USD,https://evisa.moip.gov.mm/,2026-09-04
MU-NZ,MU,NZ,mauritius,new-zealand,eta,90,35,,https://www.immigration.govt.nz/new-zealand-visas/apply-for-a-visa/tools-and-information/your-journey-to-new-zealand/before-you-travel-to-new-zealand/paying-ivl,2026-09-04
MU-UZ,MU,UZ,mauritius,uzbekistan,eVisa,30,20,USD,https://e-visa.gov.uz/,2026-09-04
MU-VN,MU,VN,mauritius,vietnam,eVisa,90,25,USD,http://www.vietseatourist.vn/News/category1/news-57/No-visa-required-for-tourists-to-Phu-Quoc-on-short-stay.html,2026-09-04
MV-AZ,MV,AZ,maldives,azerbaijan,not_required,90,25,USD,https://evisa.gov.az,2026-09-04
MV-GN,MV,GN,maldives,guinea,eVisa,90,100,USD,https://www.paf.gov.gn/visa,2026-09-04
MV-IN,MV,IN,maldives,india,not_required,90,25,USD,https://indianvisaonline.gov.in/evisa/tvoa.html,2026-09-04
MV-KH,MV,KH,maldives,cambodia,not_required,30,30,USD,https://www.evisa.gov.kh/,2026-09-04
MV-LA,MV,LA,maldives,laos,eVisa_or_voa,30,,,https://laoevisa.gov.la,2026-09-04
MV-MM,MV,MM,maldives,myanmar,eVisa,28,70,USD,https://evisa.moip.gov.mm,2026-09-04
MV-MN,MV,MN,maldives,mongolia,not_required,30,51.5,USD,https://evisa.mn/,2026-09-04
MV-UZ,MV,UZ,maldives,uzbekistan,eVisa,30,20,USD,https://e-visa.gov.uz,2026-09-04
MV-VN,MV,VN,maldives,vietnam,eVisa,90,25,USD,https://evisa.gov.vn,2026-09-04
MW-GN,MW,GN,malawi,guinea,eVisa,90,100,USD,https://www.paf.gov.gn/visa,2026-09-04
MW-IN,MW,IN,malawi,india,eVisa,60,25,USD,https://indianvisaonline.gov.in/visa/tvoa.html,2026-09-04
MW-KH,MW,KH,malawi,cambodia,eVisa_or_voa,30,30,USD,https://www.evisa.gov.kh/,2026-09-04
MW-LA,MW,LA,malawi,laos,eVisa_or_voa,30,,,https://www.laoevisa.gov.la,2026-09-04
MW-VN,MW,VN,malawi,vietnam,eVisa,90,25,USD,https://evisa.gov.vn/,2026-09-04
MX-AZ,MX,AZ,mexico,azerbaijan,eVisa,30,25,USD,https://evisa.gov.az,2026-09-04
MX-GN,MX,GN,mexico,guinea,eVisa,90,100,USD,https://www.paf.gov.gn/visa,2026-09-04
MX-IN,MX,IN,mexico,india,eVisa,30,10,USD,https://indianvisaonline.gov.in/evisa/images/Etourist_fee_final.pdf,2026-09-04
MX-KH,MX,KH,mexico,cambodia,eVisa_or_voa,30,37,USD,https://www.evisa.gov.kh,2026-09-04
MX-LA,MX,LA,mexico,laos,eVisa_or_voa,30,,,https://laoevisa.gov.la/faq,2026-09-04
MX-MM,MX,MM,mexico,myanmar,eVisa,28,70,USD,https://evisa.moip.gov.mm,2026-09-04
MX-MN,MX,MN,mexico,mongolia,eVisa,30,51.5,USD,https://evisa.mn,2026-09-04
MX-NZ,MX,NZ,mexico,new-zealand,eta,90,35,,https://www.immigration.govt.nz/new-zealand-visas/apply-for-a-visa/tools-and-information/your-journey-to-new-zealand/before-you-travel-to-new-zealand/paying-ivl,2026-09-04
MX-RU,MX,RU,mexico,russia,eVisa,30,,,https://electronic-visa.kdmid.ru/country_en.html,2026-09-04
MX-TR,MX,TR,mexico,turkiye,eVisa,30,12,USD,https://www.evisa.gov.tr,2026-09-04
MX-UZ,MX,UZ,mexico,uzbekistan,not_required,30,20,USD,https://e-visa.gov.uz/main,2026-09-04
MX-VN,MX,VN,mexico,vietnam,eVisa,90,25,USD,https://evisa.gov.vn,2026-09-04
MY-AZ,MY,AZ,malaysia,azerbaijan,eVisa_or_voa,30,25,USD,https://evisa.gov.az,2026-09-04
MY-BJ,MY,BJ,malaysia,benin,not_required,30,,,https://diplomatie.gouv.bj/fr/representations/visas/exemption_reciproque_de_visa,2026-09-04
MY-CI,MY,CI,malaysia,ivory-coast,eVisa,90,73,EUR,https://snedai.com/e-visa/,2026-09-04
MY-GN,MY,GN,malaysia,guinea,eVisa,90,100,USD,https://www.paf.gov.gn/visa,2026-09-04
MY-ID,MY,ID,malaysia,indonesia,not_required,30,,,https://evisa.imigrasi.go.id/,2026-09-04
MY-IN,MY,IN,malaysia,india,eVisa,30,25,USD,https://www.kln.gov.my/web/ind_new-delhi/requirement_malaysians,2026-09-04
MY-JP,MY,JP,malaysia,japan,not_required,90,,,https://www.evisa.mofa.go.jp,2026-09-04
MY-KH,MY,KH,malaysia,cambodia,not_required,30,30,USD,https://www.evisa.gov.kh/,2026-09-04
MY-KR,MY,KR,malaysia,south-korea,not_required,90,,,https://www.gov.uk/foreign-travel-advice/south-korea/entry-requirements,2026-09-04
MY-LA,MY,LA,malaysia,laos,not_required,30,,,https://laoevisa.gov.la/,2026-09-04
MY-MM,MY,MM,malaysia,myanmar,not_required,14,70,USD,https://myanmarembassykl.org/announcement-on-visa-exemption/,2026-09-04
MY-MN,MY,MN,malaysia,mongolia,not_required,30,51.5,USD,https://evisa.mn/,2026-09-04
MY-MX,MY,MX,malaysia,mexico,not_required,180,10,USD,https://consulmex.sre.gob.mx/saopaulo/index.php/visto-menu/visto-para-turista,2026-09-04
MY-MZ,MY,MZ,malaysia,mozambique,eVisa_or_voa,30,,,https://evisa.gov.mz,2026-09-04
MY-NZ,MY,NZ,malaysia,new-zealand,eta,90,35,,https://www.immigration.govt.nz/new-zealand-visas/apply-for-a-visa/tools-and-information/your-journey-to-new-zealand/before-you-travel-to-new-zealand/paying-ivl,2026-09-04
MY-PH,MY,PH,malaysia,philippines,not_required,30,,,https://evisa.gov.ph/,2026-09-04
MY-SG,MY,SG,malaysia,singapore,not_required,30,,,,2026-09-04
MY-TH,MY,TH,malaysia,thailand,not_required,30,,,https://www.thaievisa.go.th/,2026-09-04
MY-TL,MY,TL,malaysia,timor-leste,not_required,30,,,https://customs.gov.tl/travelers/obtaining-a-visa/,2026-09-04
MY-UZ,MY,UZ,malaysia,uzbekistan,not_required,30,20,USD,https://e-visa.gov.uz/main,2026-09-04
MY-VN,MY,VN,malaysia,vietnam,not_required,30,,,https://evisa.gov.vn,2026-09-04
MZ-GN,MZ,GN,mozambique,guinea,eVisa,90,100,USD,https://www.paf.gov.gn/visa,2026-09-04
MZ-IN,MZ,IN,mozambique,india,eVisa,30,25,USD,https://indianvisaonline.gov.in/visa/tvoa.html,2026-09-04
MZ-KH,MZ,KH,mozambique,cambodia,eVisa_or_voa,30,30,USD,https://www.evisa.gov.kh,2026-09-04
MZ-MN,MZ,MN,mozambique,mongolia,eVisa,30,51.5,USD,https://evisa.mn,2026-09-04
MZ-TH,MZ,TH,mozambique,thailand,eVisa,60,,,https://www.thaievisa.go.th,2026-09-04
MZ-VN,MZ,VN,mozambique,vietnam,eVisa,90,25,USD,https://evisa.gov.vn,2026-09-04
NA-GN,NA,GN,namibia,guinea,not_required,90,100,USD,https://www.paf.gov.gn/visa/,2026-09-04
NA-IN,NA,IN,namibia,india,eVisa,30,25,USD,https://indianvisaonline.gov.in/evisa/tvoa.html,2026-09-04
NA-KH,NA,KH,namibia,cambodia,eVisa_or_voa,30,30,USD,https://www.evisa.gov.kh,2026-09-04
NA-LA,NA,LA,namibia,laos,eVisa_or_voa,30,,,https://www.laoevisa.gov.la,2026-09-04
NA-MN,NA,MN,namibia,mongolia,eVisa,30,51.5,USD,https://evisa.mn,2026-09-04
NA-TH,NA,TH,namibia,thailand,eVisa_or_voa,15,,,https://www.thaievisa.go.th/,2026-09-04
NA-VN,NA,VN,namibia,vietnam,eVisa,90,25,USD,https://evisa.xuatnhapcanh.gov.vn/web/guest/trang-chu-ttdt,2026-09-04
NE-IN,NE,IN,niger,india,eVisa,60,25,USD,https://indianvisaonline.gov.in/evisa/tvoa.html,2026-09-04
NE-KH,NE,KH,niger,cambodia,eVisa_or_voa,30,30,USD,https://www.evisa.gov.kh,2026-09-04
NE-ST,NE,ST,niger,sao-tome-and-principe,eVisa,15,,,http://www.smf.st/evisa/index.php,2026-09-04
NE-VN,NE,VN,niger,vietnam,eVisa,90,25,USD,https://evisa.gov.vn/,2026-09-04
NG-KH,NG,KH,nigeria,cambodia,eVisa_or_voa,30,30,USD,https://www.evisa.gov.kh/,2026-09-04
NG-PH,NG,PH,nigeria,philippines,eVisa,59,,,https://evisa.gov.ph/,2026-09-04
NG-VN,NG,VN,nigeria,vietnam,eVisa,90,25,USD,https://evisa.gov.vn/,2026-09-04
NI-BJ,NI,BJ,nicaragua,benin,eVisa,30,,,https://evisa.bj/,2026-09-04
NI-IN,NI,IN,nicaragua,india,eVisa,60,25,USD,https://indianvisaonline.gov.in/visa/tvoa.html,2026-09-04
NI-KH,NI,KH,nicaragua,cambodia,eVisa_or_voa,30,30,USD,http://evisa.mfaic.gov.kh/,2026-09-04
NI-LA,NI,LA,nicaragua,laos,eVisa_or_voa,30,,,https://www.laoevisa.gov.la,2026-09-04
NI-UZ,NI,UZ,nicaragua,uzbekistan,not_required,30,20,USD,https://akipress.com/news:623639:Uzbekistan_introduces_visa_waiver_for_20_more_countries_from_2020/,2026-09-04
NI-VN,NI,VN,nicaragua,vietnam,eVisa,90,25,USD,http://www.phuquocislandguide.com/phu-quoc-visa/,2026-09-04
NL-AZ,NL,AZ,netherlands,azerbaijan,eVisa,30,25,USD,https://evisa.gov.az,2026-09-04
NL-BJ,NL,BJ,netherlands,benin,eVisa,30,,,https://evisa.gouv.bj/en/,2026-09-04
NL-GN,NL,GN,netherlands,guinea,eVisa,90,100,USD,https://www.paf.gov.gn/visa,2026-09-04
NL-ID,NL,ID,netherlands,indonesia,eVisa_or_voa,30,,,https://evisa.imigrasi.go.id,2026-09-04
NL-IN,NL,IN,netherlands,india,eVisa,30,25,USD,https://indianvisaonline.gov.in/evisa/tvoa.html,2026-09-04
NL-KH,NL,KH,netherlands,cambodia,eVisa_or_voa,30,30,USD,https://www.evisa.gov.kh,2026-09-04
NL-LA,NL,LA,netherlands,laos,eVisa_or_voa,30,,,https://laoevisa.gov.la/faq,2026-09-04
NL-MM,NL,MM,netherlands,myanmar,eVisa,28,70,USD,https://evisa.moip.gov.mm,2026-09-04
NL-MN,NL,MN,netherlands,mongolia,not_required,30,51.5,USD,https://visasnews.com/en/mongolia-extends-visa-exemption-policy-for-34-countries-by-one-year/,2026-09-04
NL-MX,NL,MX,netherlands,mexico,not_required,180,10,USD,http://www.timaticweb.com/cgi-bin/tim_website_client.cgi?SpecData=1&VISA=&page=visa&NA=NL&AR=00&PASSTYPES=PASS&DE=MX&user=GF&subuser=GFB2C,2026-09-04
NL-MY,NL,MY,netherlands,malaysia,not_required,90,,,https://malaysiavisa.imi.gov.my/,2026-09-04
NL-NA,NL,NA,netherlands,namibia,eVisa_or_voa,90,160,,https://eservices.mhaiss.gov.na/,2026-09-04
NL-NZ,NL,NZ,netherlands,new-zealand,eta,90,35,,https://www.customs.govt.nz/personal/travel-to-and-from-nz/travelling-to-nz/egate/,2026-09-04
NL-PH,NL,PH,netherlands,philippines,not_required,30,,,https://evisa.gov.ph/,2026-09-04
NL-SG,NL,SG,netherlands,singapore,not_required,90,,,,2026-09-04
NL-TH,NL,TH,netherlands,thailand,not_required,30,,,https://www.thaievisa.go.th/,2026-09-04
NL-UZ,NL,UZ,netherlands,uzbekistan,not_required,30,20,USD,https://web.archive.org/web/20181124014649/https://mfa.uz/en/consular/visa/,2026-09-04
NL-VN,NL,VN,netherlands,vietnam,not_required,45,,,https://evisa.gov.vn,2026-09-04
NO-AZ,NO,AZ,norway,azerbaijan,eVisa,30,25,USD,https://evisa.gov.az,2026-09-04
NO-BJ,NO,BJ,norway,benin,eVisa,30,,,https://evisa.bj/,2026-09-04
NO-GN,NO,GN,norway,guinea,eVisa,90,100,USD,https://www.paf.gov.gn/visa,2026-09-04
NO-IN,NO,IN,norway,india,eVisa,30,25,USD,https://indianvisaonline.gov.in/evisa/tvoa.html,2026-09-04
NO-KH,NO,KH,norway,cambodia,eVisa_or_voa,30,30,USD,https://www.evisa.gov.kh,2026-09-04
NO-MM,NO,MM,norway,myanmar,eVisa,28,70,USD,https://evisa.moip.gov.mm,2026-09-04
NO-MN,NO,MN,norway,mongolia,not_required,30,51.5,USD,https://evisa.mn/,2026-09-04
NO-MX,NO,MX,norway,mexico,not_required,180,10,USD,https://consulmex.sre.gob.mx/saopaulo/index.php/visto-menu/visto-para-turista,2026-09-04
NO-NZ,NO,NZ,norway,new-zealand,eta,90,35,,https://www.immigration.govt.nz/new-zealand-visas/apply-for-a-visa/tools-and-information/your-journey-to-new-zealand/before-you-travel-to-new-zealand/paying-ivl,2026-09-04
NO-UG,NO,UG,norway,uganda,eVisa,90,,,https://visas.immigration.go.ug,2026-09-04
NO-UZ,NO,UZ,norway,uzbekistan,not_required,30,20,USD,https://e-visa.gov.uz/main,2026-09-04
NP-AZ,NP,AZ,nepal,azerbaijan,eVisa,30,25,USD,https://evisa.gov.az,2026-09-04
NP-BJ,NP,BJ,nepal,benin,eVisa,30,50,EUR,https://evisa.gouv.bj/en/,2026-09-04
NP-GN,NP,GN,nepal,guinea,eVisa,90,100,USD,https://www.paf.gov.gn/visa,2026-09-04
NP-KH,NP,KH,nepal,cambodia,eVisa_or_voa,30,30,USD,https://www.evisa.gov.kh,2026-09-04
NP-LA,NP,LA,nepal,laos,eVisa_or_voa,30,,,https://www.laoevisa.gov.la,2026-09-04
NP-MM,NP,MM,nepal,myanmar,eVisa,28,70,USD,https://evisa.moip.gov.mm,2026-09-04
NP-MN,NP,MN,nepal,mongolia,eVisa,30,51.5,USD,https://evisa.mn,2026-09-04
NP-MY,NP,MY,nepal,malaysia,eVisa,30,,,https://malaysiavisa.imi.gov.my/evisa/,2026-09-04
NP-SG,NP,SG,nepal,singapore,not_required,30,,,,2026-09-04
NP-TH,NP,TH,nepal,thailand,eVisa,90,,,https://thaievisa.go.th,2026-09-04
NP-UZ,NP,UZ,nepal,uzbekistan,eVisa,30,20,USD,https://e-visa.gov.uz,2026-09-04
NP-VN,NP,VN,nepal,vietnam,eVisa,90,25,USD,https://evisa.gov.vn,2026-09-04
NR-BJ,NR,BJ,nauru,benin,eVisa,30,,,https://evisa.bj/,2026-09-04
NR-IN,NR,IN,nauru,india,eVisa,60,25,USD,https://indianvisaonline.gov.in/visa/tvoa.html,2026-09-04
NR-KH,NR,KH,nauru,cambodia,eVisa_or_voa,30,30,USD,https://www.evisa.gov.kh/,2026-09-04
NR-MM,NR,MM,nauru,myanmar,eVisa,28,70,USD,https://evisa.moip.gov.mm,2026-09-04
NR-TH,NR,TH,nauru,thailand,eVisa_or_voa,15,,,https://www.thaievisa.go.th/,2026-09-04
NR-UZ,NR,UZ,nauru,uzbekistan,eVisa,30,20,USD,https://e-visa.gov.uz/main,2026-09-04
NR-VN,NR,VN,nauru,vietnam,eVisa,30,25,USD,https://evisa.gov.vn,2026-09-04
NZ-AZ,NZ,AZ,new-zealand,azerbaijan,eVisa,30,25,USD,https://dubai.mfa.gov.az/en/content/54/important-information-for-uae-residents,2026-09-04
NZ-GN,NZ,GN,new-zealand,guinea,eVisa,90,100,USD,https://www.paf.gov.gn/visa,2026-09-04
NZ-GQ,NZ,GQ,new-zealand,equatorial-guinea,eVisa,30,75,USD,https://equatorialguinea-evisa.com/,2026-09-04
NZ-IN,NZ,IN,new-zealand,india,eVisa,30,25,USD,https://indianvisaonline.gov.in/visa/tvoa.html,2026-09-04
NZ-KH,NZ,KH,new-zealand,cambodia,eVisa_or_voa,30,30,USD,https://www.evisa.gov.kh/,2026-09-04
NZ-LA,NZ,LA,new-zealand,laos,eVisa_or_voa,30,,,https://laoevisa.gov.la,2026-09-04
NZ-MM,NZ,MM,new-zealand,myanmar,eVisa,30,70,USD,https://evisa.moip.gov.mm,2026-09-04
NZ-MN,NZ,MN,new-zealand,mongolia,not_required,30,51.5,USD,https://en.consul.mn/visa/c/83,2026-09-04
NZ-MX,NZ,MX,new-zealand,mexico,not_required,180,10,USD,https://consulmex.sre.gob.mx/saopaulo/index.php/visto-menu/visto-para-turista,2026-09-04
NZ-MZ,NZ,MZ,new-zealand,mozambique,eVisa_or_voa,30,190,USD,https://evisa.gov.mz,2026-09-04
NZ-UZ,NZ,UZ,new-zealand,uzbekistan,not_required,30,20,USD,https://e-visa.gov.uz/main,2026-09-04
NZ-VN,NZ,VN,new-zealand,vietnam,eVisa,90,25,USD,https://evisa.gov.vn,2026-09-04
OM-AZ,OM,AZ,oman,azerbaijan,not_required,30,25,USD,https://evisa.gov.az,2026-09-04
OM-GN,OM,GN,oman,guinea,eVisa,90,100,USD,https://www.paf.gov.gn/visa,2026-09-04
OM-IN,OM,IN,oman,india,eVisa,30,25,USD,https://indianvisaonline.gov.in/visa/tvoa.html,2026-09-04
OM-KH,OM,KH,oman,cambodia,eVisa_or_voa,30,30,USD,https://www.evisa.gov.kh,2026-09-04
OM-LA,OM,LA,oman,laos,eVisa_or_voa,30,,,https://laoevisa.gov.la,2026-09-04
OM-MY,OM,MY,oman,malaysia,not_required,90,,,https://malaysiavisa.imi.gov.my/,2026-09-04
OM-NZ,OM,NZ,oman,new-zealand,eta,90,35,,https://www.immigration.govt.nz/new-zealand-visas/apply-for-a-visa/tools-and-information/your-journey-to-new-zealand/before-you-travel-to-new-zealand/paying-ivl,2026-09-04
OM-PH,OM,PH,oman,philippines,not_required,30,,,https://evisa.gov.ph/,2026-09-04
OM-SG,OM,SG,oman,singapore,not_required,30,,,,2026-09-04
OM-TH,OM,TH,oman,thailand,not_required,30,,,https://www.thaievisa.go.th/,2026-09-04
OM-UZ,OM,UZ,oman,uzbekistan,not_required,30,20,USD,https://e-visa.gov.uz/,2026-09-04
OM-VN,OM,VN,oman,vietnam,eVisa,90,25,USD,https://evisa.gov.vn,2026-09-04
PA-AZ,PA,AZ,panama,azerbaijan,eVisa,30,25,USD,https://evisa.gov.az/en/countries,2026-09-04
PA-BJ,PA,BJ,panama,benin,eVisa,30,,,https://evisa.bj/,2026-09-04
PA-GN,PA,GN,panama,guinea,eVisa,90,100,USD,https://www.paf.gov.gn/visa/,2026-09-04
PA-IN,PA,IN,panama,india,eVisa,30,25,USD,https://indianvisaonline.gov.in/visa/tvoa.html,2026-09-04
PA-KH,PA,KH,panama,cambodia,eVisa_or_voa,30,30,USD,https://www.evisa.gov.kh,2026-09-04
PA-LA,PA,LA,panama,laos,eVisa_or_voa,30,,,https://www.laoevisa.gov.la,2026-09-04
PA-MM,PA,MM,panama,myanmar,eVisa,28,70,USD,https://evisa.moip.gov.mm/,2026-09-04
PA-MN,PA,MN,panama,mongolia,eVisa,30,51.5,USD,https://www.evisa.mn/en,2026-09-04
PA-MX,PA,MX,panama,mexico,not_required,180,10,USD,https://consulmex.sre.gob.mx/saopaulo/index.php/visto-menu/visto-para-turista,2026-09-04
PA-SR,PA,SR,panama,suriname,not_required,90,25,USD,https://suriname.vfsevisa.com/suriname/online/home/index,2026-09-04
PA-UZ,PA,UZ,panama,uzbekistan,not_required,30,20,USD,https://akipress.com/news:623639:Uzbekistan_introduces_visa_waiver_for_20_more_countries_from_2020/,2026-09-04
PE-AZ,PE,AZ,peru,azerbaijan,eVisa,30,25,USD,https://evisa.gov.az,2026-09-04
PE-BF,PE,BF,peru,burkina-faso,eVisa,30,4700,XOF,https://applicant.visaburkina.bf,2026-09-04
PE-CN,PE,CN,peru,china,not_required,30,275,CNY,https://english.www.gov.cn/news/202505/15/content_WS6825a468c6d0868f4e8f2912.html,2026-09-04
PE-GN,PE,GN,peru,guinea,eVisa,90,100,USD,https://www.paf.gov.gn/visa,2026-09-04
PE-IN,PE,IN,peru,india,eVisa,30,25,USD,https://indianvisaonline.gov.in/visa/tvoa.html,2026-09-04
PE-KH,PE,KH,peru,cambodia,eVisa_or_voa,30,30,USD,https://www.evisa.gov.kh,2026-09-04
PE-LA,PE,LA,peru,laos,eVisa_or_voa,30,,,https://laoevisa.gov.la,2026-09-04
PE-MM,PE,MM,peru,myanmar,eVisa,28,70,USD,https://evisa.moip.gov.mm,2026-09-04
PE-MN,PE,MN,peru,mongolia,not_required,90,51.5,USD,https://evisa.mn/,2026-09-04
PE-UZ,PE,UZ,peru,uzbekistan,eVisa,30,20,USD,https://e-visa.gov.uz,2026-09-04
PE-VN,PE,VN,peru,vietnam,eVisa,90,25,USD,https://evisa.gov.vn,2026-09-04
PE-ZM,PE,ZM,peru,zambia,eVisa_or_voa,90,50,USD,https://eservices.zambiaimmigration.gov.zm,2026-09-04
PG-BJ,PG,BJ,papua-new-guinea,benin,eVisa,30,50,EUR,https://evisa.gouv.bj/en/,2026-09-04
PG-GN,PG,GN,papua-new-guinea,guinea,eVisa,90,100,USD,https://www.paf.gov.gn/visa,2026-09-04
PG-IN,PG,IN,papua-new-guinea,india,eVisa,30,25,USD,https://indianvisaonline.gov.in/evisa/tvoa.html,2026-09-04
PG-KH,PG,KH,papua-new-guinea,cambodia,eVisa_or_voa,30,30,USD,https://www.evisa.gov.kh,2026-09-04
PG-LA,PG,LA,papua-new-guinea,laos,eVisa_or_voa,30,,,https://www.laoevisa.gov.la,2026-09-04
PG-MM,PG,MM,papua-new-guinea,myanmar,eVisa,28,70,USD,https://evisa.moip.gov.mm,2026-09-04
PG-MN,PG,MN,papua-new-guinea,mongolia,eVisa,30,51.5,USD,https://evisa.mn,2026-09-04
PG-VN,PG,VN,papua-new-guinea,vietnam,eVisa,90,25,USD,https://evisa.xuatnhapcanh.gov.vn/web/guest/trang-chu-ttdt,2026-09-04
PH-AE,PH,AE,philippines,united-arab-emirates,visa_required,,100,AED,https://smartservices.icp.gov.ae/echannels/web/client/guest/index.html#/dashboard,2026-09-04
PH-GE,PH,GE,philippines,georgia,eVisa,30,,,https://www.evisa.gov.ge,2026-09-04
PH-GN,PH,GN,philippines,guinea,eVisa,90,100,USD,https://www.paf.gov.gn/visa,2026-09-04
PH-ID,PH,ID,philippines,indonesia,not_required,30,,,https://evisa.imigrasi.go.id/,2026-09-04
PH-IN,PH,IN,philippines,india,eVisa,30,25,USD,https://indianvisaonline.gov.in/visa/tvoa.html,2026-09-04
PH-JP,PH,JP,philippines,japan,visa_required,,,,https://www.evisa.mofa.go.jp/index,2026-09-04
PH-KH,PH,KH,philippines,cambodia,not_required,30,30,USD,https://www.evisa.gov.kh/,2026-09-04
PH-KR,PH,KR,philippines,south-korea,visa_required,,,,https://www.pna.gov.ph/articles/1266022,2026-09-04
PH-LA,PH,LA,philippines,laos,not_required,30,,,https://laoevisa.gov.la/,2026-09-04
PH-MM,PH,MM,philippines,myanmar,not_required,14,70,USD,https://www.gmanetwork.com/news/story/338457/pinoyabroad/news/pinoys-may-now-enjoy-visa-free-entry-to-myanmar,2026-09-04
PH-MN,PH,MN,philippines,mongolia,not_required,21,51.5,USD,https://evisa.mn/,2026-09-04
PH-MX,PH,MX,philippines,mexico,visa_required,,10,USD,https://embamex.sre.gob.mx/filipinas/index.php/servicios-consulares/visas,2026-09-04
PH-MY,PH,MY,philippines,malaysia,not_required,30,,,https://malaysiavisa.imi.gov.my/,2026-09-04
PH-SG,PH,SG,philippines,singapore,not_required,30,,,,2026-09-04
PH-TH,PH,TH,philippines,thailand,not_required,30,,,https://www.thaievisa.go.th/,2026-09-04
PH-UZ,PH,UZ,philippines,uzbekistan,eVisa,30,20,USD,https://e-visa.gov.uz,2026-09-04
PH-VN,PH,VN,philippines,vietnam,not_required,21,,,https://evisa.xuatnhapcanh.gov.vn/web/guest/trang-chu-ttdt,2026-09-04
PK-AE,PK,AE,pakistan,united-arab-emirates,eta,14,,,https://smartservices.icp.gov.ae,2026-09-04
PK-AZ,PK,AZ,pakistan,azerbaijan,eVisa,30,25,USD,https://evisa.gov.az,2026-09-04
PK-BI,PK,BI,pakistan,burundi,eVisa_or_voa,30,90,USD,https://migration.gov.bi,2026-09-04
PK-CI,PK,CI,pakistan,ivory-coast,eVisa,90,,,https://snedai.com/e-visa/,2026-09-04
PK-CU,PK,CU,pakistan,cuba,eVisa,90,,,https://evisacuba.cu,2026-09-04
PK-GA,PK,GA,pakistan,gabon,eVisa,90,,,https://evisa.dgdi.ga,2026-09-04
PK-GM,PK,GM,pakistan,gambia,not_required,90,,,https://usercontent.one/wp/move.gambiaembassy.eu/wp-content/uploads/2019/02/Visa-List.pdf,2026-09-04
PK-GN,PK,GN,pakistan,guinea,eVisa,90,100,USD,https://www.paf.gov.gn/visa,2026-09-04
PK-GQ,PK,GQ,pakistan,equatorial-guinea,eVisa,,75,USD,https://equatorialguinea-evisa.com,2026-09-04
PK-IN,PK,IN,pakistan,india,special_permit,,25,USD,https://indianvisaonline.gov.in/evisa/tvoa.html,2026-09-04
PK-KG,PK,KG,pakistan,kyrgyzstan,eVisa,60,,,https://evisa.e-gov.kg,2026-09-04
PK-KH,PK,KH,pakistan,cambodia,eVisa_or_voa,30,30,USD,https://www.evisa.gov.kh,2026-09-04
PK-LK,PK,LK,pakistan,sri-lanka,visa_on_arrival,30,,,https://www.srilankaevisa.lk,2026-09-04
PK-LR,PK,LR,pakistan,liberia,eVisa_or_voa,90,,,https://visaonarrival.lis.gov.lr,2026-09-04
PK-MM,PK,MM,pakistan,myanmar,eVisa,28,70,USD,https://evisa.moip.gov.mm,2026-09-04
PK-MV,PK,MV,pakistan,maldives,not_required,90,,,https://www.tourism.gov.mv/en/page/updates_on_the_covid_19_situation_in_the_maldives,2026-09-04
PK-MY,PK,MY,pakistan,malaysia,eVisa,30,,,https://malaysiavisa.imi.gov.my/evisa/,2026-09-04
PK-SA,PK,SA,pakistan,saudi-arabia,visa_required,,,,https://visa.visitsaudi.com/,2026-09-04
PK-SG,PK,SG,pakistan,singapore,visa_required,,,,,2026-09-04
PK-SL,PK,SL,pakistan,sierra-leone,eVisa_or_voa,30,80,USD,https://evisa.sl,2026-09-04
PK-SN,PK,SN,pakistan,senegal,visa_on_arrival,30,,,https://senegal-embassy.uk/visas/list-of-countries-and-categories/,2026-09-04
PK-SR,PK,SR,pakistan,suriname,eVisa,90,,,https://suriname.vfsevisa.com/suriname/online/home/index,2026-09-04
PK-TH,PK,TH,pakistan,thailand,eVisa,30,,,https://www.thaievisa.go.th,2026-09-04
PK-TT,PK,TT,pakistan,trinidad-and-tobago,not_required,90,,,https://foreign.gov.tt/documents/720/Visa_Requirements_For_All_Countries_.pdf,2026-09-04
PK-TV,PK,TV,pakistan,tuvalu,visa_on_arrival,30,100,USD,https://www.gov.tv/immigration-customs/,2026-09-04
PK-TZ,PK,TZ,pakistan,tanzania,eVisa,90,,,https://visa.immigration.go.tz/,2026-09-04
PK-UZ,PK,UZ,pakistan,uzbekistan,visa_required,,20,USD,https://e-visa.gov.uz/main,2026-09-04
PK-VN,PK,VN,pakistan,vietnam,eVisa,90,25,USD,https://evisa.gov.vn,2026-09-04
PL-MM,PL,MM,poland,myanmar,eVisa,28,70,USD,https://evisa.moip.gov.mm,2026-09-04
PS-AZ,PS,AZ,palestine,azerbaijan,visa_required,,25,USD,https://evisa.gov.az,2026-09-04
PS-BI,PS,BI,palestine,burundi,eVisa_or_voa,30,90,USD,https://migration.gov.bi/,2026-09-04
PS-BJ,PS,BJ,palestine,benin,eVisa,30,,,https://evisa.bj/,2026-09-04
PS-GN,PS,GN,palestine,guinea,eVisa,90,100,USD,https://www.paf.gov.gn/visa,2026-09-04
PS-IN,PS,IN,palestine,india,eVisa,30,25,USD,https://indianvisaonline.gov.in/visa/tvoa.html,2026-09-04
PS-KH,PS,KH,palestine,cambodia,eVisa_or_voa,30,30,USD,https://www.evisa.gov.kh/,2026-09-04
PS-PK,PS,PK,palestine,pakistan,eVisa,90,,,https://visa.nadra.gov.pk/,2026-09-04
PS-ST,PS,ST,palestine,sao-tome-and-principe,eVisa,15,,,http://www.smf.st/evisa/index.php,2026-09-04
PS-TH,PS,TH,palestine,thailand,eVisa,30,,,https://www.thaievisa.go.th/,2026-09-04
PS-TR,PS,TR,palestine,turkiye,eVisa,30,,,https://www.evisa.gov.tr/en/,2026-09-04
PS-VN,PS,VN,palestine,vietnam,eVisa,90,25,USD,https://evisa.gov.vn/,2026-09-04
PT-AO,PT,AO,portugal,angola,not_required,30,,,https://plataformacipra.gov.ao/public/ficheiros/arquivos/Gov_AngolaDecreto%20Presidencial880210230334451696257285.pdf,2026-09-04
PT-AZ,PT,AZ,portugal,azerbaijan,eVisa,30,25,USD,https://evisa.gov.az,2026-09-04
PT-BJ,PT,BJ,portugal,benin,eVisa,30,,,https://evisa.gouv.bj/en/,2026-09-04
PT-GN,PT,GN,portugal,guinea,eVisa,90,100,USD,https://www.paf.gov.gn/visa,2026-09-04
PT-IN,PT,IN,portugal,india,eVisa,30,25,USD,https://indianvisaonline.gov.in/evisa/tvoa.html,2026-09-04
PT-KH,PT,KH,portugal,cambodia,eVisa_or_voa,30,30,USD,https://www.evisa.gov.kh,2026-09-04
PT-LA,PT,LA,portugal,laos,eVisa_or_voa,30,,,https://www.laoevisa.gov.la,2026-09-04
PT-MM,PT,MM,portugal,myanmar,eVisa,28,70,USD,https://evisa.moip.gov.mm,2026-09-04
PT-MN,PT,MN,portugal,mongolia,not_required,30,51.5,USD,https://visasnews.com/en/mongolia-extends-visa-exemption-policy-for-34-countries-by-one-year/,2026-09-04
PT-MX,PT,MX,portugal,mexico,not_required,180,10,USD,https://consulmex.sre.gob.mx/saopaulo/index.php/visto-menu/visto-para-turista,2026-09-04
PT-NA,PT,NA,portugal,namibia,eVisa_or_voa,90,160,,https://eservices.mhaiss.gov.na/,2026-09-04
PT-NZ,PT,NZ,portugal,new-zealand,eta,90,35,,https://www.customs.govt.nz/travel-to-and-from-new-zealand/travelling-to-new-zealand/egate,2026-09-04
PT-UZ,PT,UZ,portugal,uzbekistan,not_required,30,20,USD,https://e-visa.gov.uz/main,2026-09-04
PT-VN,PT,VN,portugal,vietnam,eVisa,90,25,USD,https://evisa.xuatnhapcanh.gov.vn/web/guest/trang-chu-ttdt,2026-09-04
PW-GN,PW,GN,palau,guinea,eVisa,90,100,USD,https://www.paf.gov.gn/visa,2026-09-04
PW-IN,PW,IN,palau,india,eVisa,30,25,USD,https://indianvisaonline.gov.in/visa/tvoa.html,2026-09-04
PW-KH,PW,KH,palau,cambodia,eVisa_or_voa,30,30,USD,https://www.evisa.gov.kh,2026-09-04
PW-LA,PW,LA,palau,laos,eVisa_or_voa,30,,,https://laoevisa.gov.la,2026-09-04
PW-MN,PW,MN,palau,mongolia,eVisa,30,51.5,USD,https://evisa.mn,2026-09-04
PW-MX,PW,MX,palau,mexico,not_required,180,10,USD,https://consulmex.sre.gob.mx/saopaulo/index.php/visto-menu/visto-para-turista,2026-09-04
PW-TH,PW,TH,palau,thailand,eVisa,60,,,https://www.thaievisa.go.th,2026-09-04
PW-UZ,PW,UZ,palau,uzbekistan,eVisa,30,20,USD,https://e-visa.gov.uz,2026-09-04
PW-VN,PW,VN,palau,vietnam,eVisa,90,25,USD,https://evisa.gov.vn,2026-09-04
PY-AZ,PY,AZ,paraguay,azerbaijan,eVisa,30,25,USD,https://evisa.gov.az,2026-09-04
PY-BJ,PY,BJ,paraguay,benin,eVisa,30,,,https://evisa.gouv.bj/en/,2026-09-04
PY-GN,PY,GN,paraguay,guinea,eVisa,90,100,USD,https://www.paf.gov.gn/visa,2026-09-04
PY-IN,PY,IN,paraguay,india,eVisa,30,25,USD,https://indianvisaonline.gov.in/evisa/tvoa.html,2026-09-04
PY-KH,PY,KH,paraguay,cambodia,eVisa_or_voa,30,30,USD,https://www.evisa.gov.kh,2026-09-04
PY-LA,PY,LA,paraguay,laos,eVisa_or_voa,30,,,https://www.laoevisa.gov.la,2026-09-04
PY-MN,PY,MN,paraguay,mongolia,not_required,90,51.5,USD,https://evisa.mn/,2026-09-04
PY-MX,PY,MX,paraguay,mexico,not_required,180,10,USD,https://consulmex.sre.gob.mx/saopaulo/index.php/visto-menu/visto-para-turista,2026-09-04
PY-TH,PY,TH,paraguay,thailand,eVisa_or_voa,60,,,https://www.thaievisa.go.th,2026-09-04
PY-UZ,PY,UZ,paraguay,uzbekistan,eVisa,30,20,USD,https://e-visa.gov.uz,2026-09-04
PY-VN,PY,VN,paraguay,vietnam,eVisa,90,25,USD,https://evisa.xuatnhapcanh.gov.vn/web/guest/trang-chu-ttdt,2026-09-04
QA-AZ,QA,AZ,qatar,azerbaijan,not_required,30,25,USD,https://evisa.gov.az,2026-09-04
QA-GN,QA,GN,qatar,guinea,eVisa,90,100,USD,https://www.paf.gov.gn/visa,2026-09-04
QA-IN,QA,IN,qatar,india,eVisa,30,25,USD,https://indianvisaonline.gov.in/visa/tvoa.html,2026-09-04
QA-KH,QA,KH,qatar,cambodia,eVisa_or_voa,30,30,USD,https://www.evisa.gov.kh,2026-09-04
QA-LA,QA,LA,qatar,laos,eVisa_or_voa,30,,,https://laoevisa.gov.la,2026-09-04
QA-MM,QA,MM,qatar,myanmar,eVisa,28,70,USD,https://evisa.moip.gov.mm,2026-09-04
QA-MN,QA,MN,qatar,mongolia,visa_on_arrival,30,51.5,USD,https://evisa.mn/,2026-09-04
QA-MY,QA,MY,qatar,malaysia,not_required,90,,,https://malaysiavisa.imi.gov.my/,2026-09-04
QA-NZ,QA,NZ,qatar,new-zealand,eta,90,35,,https://www.immigration.govt.nz/new-zealand-visas/apply-for-a-visa/tools-and-information/your-journey-to-new-zealand/before-you-travel-to-new-zealand/paying-ivl,2026-09-04
QA-PH,QA,PH,qatar,philippines,not_required,30,,,https://evisa.gov.ph/,2026-09-04
QA-SG,QA,SG,qatar,singapore,not_required,30,,,,2026-09-04
QA-TH,QA,TH,qatar,thailand,not_required,30,,,https://www.thaievisa.go.th/,2026-09-04
QA-UZ,QA,UZ,qatar,uzbekistan,not_required,30,20,USD,https://e-visa.gov.uz,2026-09-04
QA-VN,QA,VN,qatar,vietnam,eVisa,90,25,USD,https://evisa.gov.vn,2026-09-04
RO-AU,RO,AU,romania,australia,not_required,90,500,AUD,https://immi.homeaffairs.gov.au/visas/getting-a-visa/visa-finder,2026-09-04
RO-AZ,RO,AZ,romania,azerbaijan,eVisa,30,25,USD,https://evisa.gov.az/en/,2026-09-04
RO-BF,RO,BF,romania,burkina-faso,eVisa,90,,,https://applicant.visaburkina.bf,2026-09-04
RO-GN,RO,GN,romania,guinea,eVisa,90,100,USD,https://www.paf.gov.gn/visa,2026-09-04
RO-IN,RO,IN,romania,india,eVisa,30,25,USD,https://indianvisaonline.gov.in/visa/tvoa.html,2026-09-04
RO-KH,RO,KH,romania,cambodia,eVisa_or_voa,30,30,USD,https://www.evisa.gov.kh/,2026-09-04
RO-LA,RO,LA,romania,laos,eVisa_or_voa,30,,,https://laoevisa.gov.la/faq,2026-09-04
RO-MM,RO,MM,romania,myanmar,eVisa,28,70,USD,https://evisa.moip.gov.mm/,2026-09-04
RO-MX,RO,MX,romania,mexico,not_required,180,10,USD,https://consulmex.sre.gob.mx/saopaulo/index.php/visto-menu/visto-para-turista,2026-09-04
RO-NA,RO,NA,romania,namibia,eVisa_or_voa,90,160,,https://eservices.mhaiss.gov.na/,2026-09-04
RO-NZ,RO,NZ,romania,new-zealand,not_required,90,35,,https://www.immigration.govt.nz/new-zealand-visas/apply-for-a-visa/tools-and-information/your-journey-to-new-zealand/before-you-travel-to-new-zealand/paying-ivl,2026-09-04
RO-OM,RO,OM,romania,oman,not_required,14,,,https://evisa.rop.gov.om/,2026-09-04
RO-SR,RO,SR,romania,suriname,not_required,90,50,USD,https://suriname.vfsevisa.com/suriname/online/home/index,2026-09-04
RO-UZ,RO,UZ,romania,uzbekistan,not_required,30,20,USD,https://web.archive.org/web/20181124014649/https://mfa.uz/en/consular/visa/,2026-09-04
RS-AZ,RS,AZ,serbia,azerbaijan,not_required,90,25,USD,https://evisa.gov.az,2026-09-04
RS-GN,RS,GN,serbia,guinea,eVisa,90,100,USD,https://www.paf.gov.gn/visa,2026-09-04
RS-IN,RS,IN,serbia,india,eVisa,30,25,USD,https://indianvisaonline.gov.in/evisa/tvoa.html,2026-09-04
RS-KH,RS,KH,serbia,cambodia,eVisa_or_voa,30,30,USD,https://www.evisa.gov.kh,2026-09-04
RS-LA,RS,LA,serbia,laos,eVisa_or_voa,30,,,https://laoevisa.gov.la,2026-09-04
RS-MM,RS,MM,serbia,myanmar,eVisa,28,70,USD,https://evisa.moip.gov.mm,2026-09-04
RS-TH,RS,TH,serbia,thailand,eVisa_or_voa,60,,,https://www.thaievisa.go.th,2026-09-04
RS-UZ,RS,UZ,serbia,uzbekistan,not_required,30,20,USD,https://e-visa.gov.uz/main,2026-09-04
RS-VN,RS,VN,serbia,vietnam,eVisa,90,25,USD,https://evisa.gov.vn,2026-09-04
RU-AZ,RU,AZ,russia,azerbaijan,not_required,90,25,USD,https://evisa.gov.az,2026-09-04
RU-GN,RU,GN,russia,guinea,eVisa,90,100,USD,https://www.paf.gov.gn/visa,2026-09-04
RU-ID,RU,ID,russia,indonesia,eVisa_or_voa,30,,,https://evisa.imigrasi.go.id,2026-09-04
RU-IN,RU,IN,russia,india,eVisa,30,25,USD,https://indianvisaonline.gov.in/visa/tvoa.html,2026-09-04
RU-KG,RU,KG,russia,kyrgyzstan,not_required,90,,,https://www.evisa.e-gov.kg/,2026-09-04
RU-KH,RU,KH,russia,cambodia,eVisa_or_voa,30,30,USD,https://www.evisa.gov.kh,2026-09-04
RU-KZ,RU,KZ,russia,kazakhstan,not_required,90,,,https://www.vmp.gov.kz/en,2026-09-04
RU-MM,RU,MM,russia,myanmar,not_required,30,70,USD,https://evisa.moip.gov.mm,2026-09-04
RU-MN,RU,MN,russia,mongolia,not_required,30,51.5,USD,https://evisa.mn/,2026-09-04
RU-MX,RU,MX,russia,mexico,eta,180,10,USD,https://consulmex.sre.gob.mx/saopaulo/index.php/visto-menu/visto-para-turista,2026-09-04
RU-MY,RU,MY,russia,malaysia,not_required,30,,,https://malaysiavisa.imi.gov.my/,2026-09-04
RU-MZ,RU,MZ,russia,mozambique,eta,30,48,USD,https://evisa.gov.mz,2026-09-04
RU-PH,RU,PH,russia,philippines,not_required,30,,,https://evisa.gov.ph/,2026-09-04
RU-SG,RU,SG,russia,singapore,visa_required,,,,https://russian-e-visa.com/russia-documents-requirement/,2026-09-04
RU-TH,RU,TH,russia,thailand,not_required,30,,,https://www.thaievisa.go.th/,2026-09-04
RU-VN,RU,VN,russia,vietnam,not_required,45,,,https://www.vietnam-visa.com/conditions-to-get-vietnam-visa-exemption-to-visit-phu-quoc-island/,2026-09-04
RW-IN,RW,IN,rwanda,india,eVisa,60,25,USD,https://indianvisaonline.gov.in/visa/tvoa.html,2026-09-04
RW-KH,RW,KH,rwanda,cambodia,eVisa_or_voa,30,30,USD,https://www.evisa.gov.kh/,2026-09-04
RW-LA,RW,LA,rwanda,laos,eVisa_or_voa,30,,,https://www.laoevisa.gov.la,2026-09-04
RW-MN,RW,MN,rwanda,mongolia,eVisa,30,51.5,USD,https://evisa.mn,2026-09-04
RW-VN,RW,VN,rwanda,vietnam,eVisa,90,25,USD,https://evisa.gov.vn/,2026-09-04
SA-AZ,SA,AZ,saudi-arabia,azerbaijan,not_required,30,30,USD,https://evisa.gov.az,2026-09-04
SA-GN,SA,GN,saudi-arabia,guinea,eVisa,90,100,USD,https://www.paf.gov.gn/visa,2026-09-04
SA-ID,SA,ID,saudi-arabia,indonesia,eVisa_or_voa,30,35,USD,https://evisa.imigrasi.go.id,2026-09-04
SA-IN,SA,IN,saudi-arabia,india,eVisa,30,119,USD,https://indianvisaonline.gov.in/visa/tvoa.html,2026-09-04
SA-KH,SA,KH,saudi-arabia,cambodia,eVisa_or_voa,30,30,USD,https://www.evisa.gov.kh,2026-09-04
SA-LA,SA,LA,saudi-arabia,laos,eVisa_or_voa,30,,,https://laoevisa.gov.la,2026-09-04
SA-MM,SA,MM,saudi-arabia,myanmar,eVisa,28,70,USD,https://evisa.moip.gov.mm,2026-09-04
SA-MN,SA,MN,saudi-arabia,mongolia,eVisa,30,51.5,USD,https://evisa.mn,2026-09-04
SA-MY,SA,MY,saudi-arabia,malaysia,not_required,90,,,https://malaysiavisa.imi.gov.my/,2026-09-04
SA-MZ,SA,MZ,saudi-arabia,mozambique,not_required,30,48,USD,https://evisa.gov.mz,2026-09-04
SA-NZ,SA,NZ,saudi-arabia,new-zealand,eta,90,52,,https://www.immigration.govt.nz/new-zealand-visas/apply-for-a-visa/tools-and-information/your-journey-to-new-zealand/before-you-travel-to-new-zealand/paying-ivl,2026-09-04
SA-PH,SA,PH,saudi-arabia,philippines,not_required,30,,,https://evisa.gov.ph/,2026-09-04
SA-SG,SA,SG,saudi-arabia,singapore,not_required,90,,,,2026-09-04
SA-TH,SA,TH,saudi-arabia,thailand,not_required,30,,,https://www.thaievisa.go.th/,2026-09-04
SA-UZ,SA,UZ,saudi-arabia,uzbekistan,not_required,30,20,USD,https://e-visa.gov.uz/main,2026-09-04
SA-VN,SA,VN,saudi-arabia,vietnam,eVisa,90,25,USD,https://evisa.gov.vn,2026-09-04
SB-IN,SB,IN,solomon-islands,india,eVisa,60,25,USD,https://indianvisaonline.gov.in/visa/tvoa.html,2026-09-04
SB-KH,SB,KH,solomon-islands,cambodia,eVisa_or_voa,30,30,USD,https://www.evisa.gov.kh/,2026-09-04
SB-LA,SB,LA,solomon-islands,laos,eVisa_or_voa,30,,,https://www.laoevisa.gov.la,2026-09-04
SB-MN,SB,MN,solomon-islands,mongolia,eVisa,30,51.5,USD,https://evisa.mn,2026-09-04
SB-UZ,SB,UZ,solomon-islands,uzbekistan,eVisa,30,20,USD,https://e-visa.gov.uz/main,2026-09-04
SB-VN,SB,VN,solomon-islands,vietnam,eVisa,90,25,USD,https://evisa.gov.vn,2026-09-04
SC-AZ,SC,AZ,seychelles,azerbaijan,eVisa,30,25,USD,https://evisa.gov.az,2026-09-04
SC-IN,SC,IN,seychelles,india,eVisa,60,25,USD,https://indianvisaonline.gov.in/visa/tvoa.html,2026-09-04
SC-KH,SC,KH,seychelles,cambodia,not_required,15,30,USD,https://opendevelopmentcambodia.net/news/cambodia-seychelles-sign-visa-exemption-accord/,2026-09-04
SC-LA,SC,LA,seychelles,laos,eVisa_or_voa,30,,,https://www.laoevisa.gov.la,2026-09-04
SC-MN,SC,MN,seychelles,mongolia,eVisa,30,51.5,USD,https://evisa.mn/en,2026-09-04
SC-NZ,SC,NZ,seychelles,new-zealand,eta,90,35,,https://www.immigration.govt.nz/new-zealand-visas/apply-for-a-visa/tools-and-information/your-journey-to-new-zealand/before-you-travel-to-new-zealand/paying-ivl,2026-09-04
SC-UZ,SC,UZ,seychelles,uzbekistan,eVisa,30,20,USD,https://e-visa.gov.uz/,2026-09-04
SC-VN,SC,VN,seychelles,vietnam,eVisa,90,25,USD,https://evisa.xuatnhapcanh.gov.vn/web/guest/trang-chu-ttdt,2026-09-04
SD-GN,SD,GN,sudan,guinea,eVisa,90,100,USD,https://www.paf.gov.gn/visa,2026-09-04
SD-KH,SD,KH,sudan,cambodia,eVisa_or_voa,30,30,USD,https://www.evisa.gov.kh/,2026-09-04
SD-LA,SD,LA,sudan,laos,eVisa_or_voa,30,,,https://www.laoevisa.gov.la,2026-09-04
SD-VN,SD,VN,sudan,vietnam,eVisa,90,25,USD,https://evisa.gov.vn/,2026-09-04
SE-AZ,SE,AZ,sweden,azerbaijan,eVisa,30,25,USD,https://evisa.gov.az,2026-09-04
SE-BJ,SE,BJ,sweden,benin,eVisa,30,,,https://evisa.gouv.bj/en/,2026-09-04
SE-GN,SE,GN,sweden,guinea,eVisa,90,100,USD,https://www.paf.gov.gn/visa,2026-09-04
SE-ID,SE,ID,sweden,indonesia,eVisa_or_voa,30,,,https://evisa.imigrasi.go.id,2026-09-04
SE-IN,SE,IN,sweden,india,eVisa,30,25,USD,https://indianvisaonline.gov.in/evisa/tvoa.html,2026-09-04
SE-KH,SE,KH,sweden,cambodia,eVisa_or_voa,30,30,USD,https://www.evisa.gov.kh,2026-09-04
SE-LA,SE,LA,sweden,laos,eVisa_or_voa,15,,,https://immigration.gov.la/,2026-09-04
SE-MM,SE,MM,sweden,myanmar,eVisa,28,70,USD,https://evisa.moip.gov.mm,2026-09-04
SE-MN,SE,MN,sweden,mongolia,not_required,30,51.5,USD,https://en.consul.mn/visa/c/101,2026-09-04
SE-MX,SE,MX,sweden,mexico,not_required,180,10,USD,https://consulmex.sre.gob.mx/saopaulo/index.php/visto-menu/visto-para-turista,2026-09-04
SE-MY,SE,MY,sweden,malaysia,not_required,90,,,https://malaysiavisa.imi.gov.my/,2026-09-04
SE-NZ,SE,NZ,sweden,new-zealand,eta,90,35,,https://www.immigration.govt.nz/new-zealand-visas/apply-for-a-visa/tools-and-information/your-journey-to-new-zealand/before-you-travel-to-new-zealand/paying-ivl,2026-09-04
SE-PH,SE,PH,sweden,philippines,not_required,30,,,https://evisa.gov.ph/,2026-09-04
SE-RU,SE,RU,sweden,russia,eVisa,16,,,https://electronic-visa.kdmid.ru,2026-09-04
SE-SG,SE,SG,sweden,singapore,not_required,90,,,,2026-09-04
SE-TH,SE,TH,sweden,thailand,not_required,30,,,https://tdac.immigration.go.th/arrival-card/#/home,2026-09-04
SE-UZ,SE,UZ,sweden,uzbekistan,not_required,30,20,USD,https://e-visa.gov.uz/main,2026-09-04
SE-VN,SE,VN,sweden,vietnam,not_required,45,,,https://evisa.xuatnhapcanh.gov.vn/web/guest/trang-chu-ttdt,2026-09-04
SG-AZ,SG,AZ,singapore,azerbaijan,not_required,30,25,USD,https://evisa.gov.az,2026-09-04
SG-BJ,SG,BJ,singapore,benin,not_required,14,,,https://diplomatie.gouv.bj/fr/representations/visas/exemption_reciproque_de_visa,2026-09-04
SG-GN,SG,GN,singapore,guinea,not_required,30,100,USD,https://www.paf.gov.gn/visa/,2026-09-04
SG-ID,SG,ID,singapore,indonesia,not_required,30,,,https://evisa.imigrasi.go.id/,2026-09-04
SG-IN,SG,IN,singapore,india,eVisa,30,25,USD,https://indianvisaonline.gov.in/evisa/tvoa.html,2026-09-04
SG-JP,SG,JP,singapore,japan,not_required,90,,,https://www.evisa.mofa.go.jp,2026-09-04
SG-KH,SG,KH,singapore,cambodia,not_required,30,30,USD,https://www.evisa.gov.kh/,2026-09-04
SG-KR,SG,KR,singapore,south-korea,not_required,90,,,https://www.gov.uk/foreign-travel-advice/south-korea/entry-requirements,2026-09-04
SG-LA,SG,LA,singapore,laos,not_required,30,,,https://laoevisa.gov.la/,2026-09-04
SG-LV,SG,LV,singapore,latvia,not_required,90,,,https://www.fragomen.com/insights/latvia-new-entry-requirements-forthcoming-for-foreign-nationals-not-entering-under-a-latvian-visa-or-residence-permit.html,2026-09-04
SG-MM,SG,MM,singapore,myanmar,not_required,30,70,USD,https://www.mfa.gov.sg/countries-regions/m/myanmar/travel-page,2026-09-04
SG-MN,SG,MN,singapore,mongolia,not_required,30,51.5,USD,https://evisa.mn/,2026-09-04
SG-MX,SG,MX,singapore,mexico,not_required,180,10,USD,https://consulmex.sre.gob.mx/saopaulo/index.php/visto-menu/visto-para-turista,2026-09-04
SG-MY,SG,MY,singapore,malaysia,not_required,30,,,https://malaysiavisa.imi.gov.my/,2026-09-04
SG-MZ,SG,MZ,singapore,mozambique,eta,30,48,USD,https://evisa.gov.mz,2026-09-04
SG-NZ,SG,NZ,singapore,new-zealand,eta,90,35,,https://www.immigration.govt.nz/new-zealand-visas/apply-for-a-visa/tools-and-information/your-journey-to-new-zealand/before-you-travel-to-new-zealand/paying-ivl,2026-09-04
SG-PH,SG,PH,singapore,philippines,not_required,30,,,https://evisa.gov.ph/,2026-09-04
SG-TH,SG,TH,singapore,thailand,not_required,30,,,https://www.thaievisa.go.th/,2026-09-04
SG-UZ,SG,UZ,singapore,uzbekistan,not_required,30,20,USD,https://e-visa.gov.uz/main,2026-09-04
SG-VN,SG,VN,singapore,vietnam,not_required,30,,,https://evisa.gov.vn,2026-09-04
SI-AO,SI,AO,slovenia,angola,not_required,30,,,https://www.smevisa.gov.ao/,2026-09-04
SI-AZ,SI,AZ,slovenia,azerbaijan,eVisa,30,25,USD,https://evisa.gov.az,2026-09-04
SI-BJ,SI,BJ,slovenia,benin,eVisa,30,,,https://evisa.bj/,2026-09-04
SI-BT,SI,BT,slovenia,bhutan,eVisa,90,200,USD,https://immi.gov.bt/home/,2026-09-04
SI-GN,SI,GN,slovenia,guinea,eVisa,90,100,USD,https://www.paf.gov.gn/visa,2026-09-04
SI-IN,SI,IN,slovenia,india,eVisa,30,25,USD,https://indianvisaonline.gov.in/visa/tvoa.html,2026-09-04
SI-JM,SI,JM,slovenia,jamaica,not_required,30,,,https://www.pica.gov.jm/immigration/entry-visa-requirements,2026-09-04
SI-KH,SI,KH,slovenia,cambodia,eVisa_or_voa,30,30,USD,https://www.evisa.gov.kh,2026-09-04
SI-LA,SI,LA,slovenia,laos,eVisa_or_voa,30,,,https://laoevisa.gov.la/faq,2026-09-04
SI-MM,SI,MM,slovenia,myanmar,eVisa,28,70,USD,https://evisa.moip.gov.mm/,2026-09-04
SI-MN,SI,MN,slovenia,mongolia,not_required,30,51.5,USD,https://en.consul.mn/visa/c/83,2026-09-04
SI-MX,SI,MX,slovenia,mexico,not_required,180,10,USD,https://consulmex.sre.gob.mx/saopaulo/index.php/visto-menu/visto-para-turista,2026-09-04
SI-NG,SI,NG,slovenia,nigeria,eVisa,90,,,https://portal.immigration.gov.ng,2026-09-04
SI-NZ,SI,NZ,slovenia,new-zealand,eta,90,35,,https://www.immigration.govt.nz/opsmanual/#46160.htm,2026-09-04
SI-SR,SI,SR,slovenia,suriname,not_required,90,25,USD,https://suriname.vfsevisa.com/suriname/online/home/index,2026-09-04
SI-UZ,SI,UZ,slovenia,uzbekistan,not_required,30,20,USD,https://web.archive.org/web/20181124014649/https://mfa.uz/en/consular/visa/,2026-09-04
SK-AO,SK,AO,slovakia,angola,not_required,30,,,https://www.smevisa.gov.ao/,2026-09-04
SK-AZ,SK,AZ,slovakia,azerbaijan,eVisa,30,25,USD,https://evisa.gov.az/en/,2026-09-04
SK-BJ,SK,BJ,slovakia,benin,eVisa,30,,,https://evisa.bj/,2026-09-04
SK-GN,SK,GN,slovakia,guinea,eVisa,90,100,USD,https://www.paf.gov.gn/visa,2026-09-04
SK-IN,SK,IN,slovakia,india,eVisa,30,25,USD,https://indianvisaonline.gov.in/visa/tvoa.html,2026-09-04
SK-KH,SK,KH,slovakia,cambodia,eVisa_or_voa,30,30,USD,https://www.evisa.gov.kh/,2026-09-04
SK-LA,SK,LA,slovakia,laos,eVisa_or_voa,30,,,https://laoevisa.gov.la/faq,2026-09-04
SK-MM,SK,MM,slovakia,myanmar,eVisa,28,70,USD,https://www.myanmarevisa.gov.mm/,2026-09-04
SK-MN,SK,MN,slovakia,mongolia,not_required,30,51.5,USD,https://en.consul.mn/visa/c/83,2026-09-04
SK-MX,SK,MX,slovakia,mexico,not_required,180,10,USD,https://consulmex.sre.gob.mx/saopaulo/index.php/visto-menu/visto-para-turista,2026-09-04
SK-NZ,SK,NZ,slovakia,new-zealand,eta,90,35,,https://www.immigration.govt.nz/new-zealand-visas/apply-for-a-visa/tools-and-information/your-journey-to-new-zealand/before-you-travel-to-new-zealand/paying-ivl,2026-09-04
SK-UZ,SK,UZ,slovakia,uzbekistan,not_required,30,20,USD,https://web.archive.org/web/20181124014649/https://mfa.uz/en/consular/visa/,2026-09-04
SK-VN,SK,VN,slovakia,vietnam,not_required,45,25,USD,https://evisa.xuatnhapcanh.gov.vn/web/guest/trang-chu-ttdt,2026-09-04
SL-IN,SL,IN,sierra-leone,india,eVisa,60,25,USD,https://indianvisaonline.gov.in/visa/tvoa.html,2026-09-04
SL-KH,SL,KH,sierra-leone,cambodia,eVisa_or_voa,30,30,USD,https://www.evisa.gov.kh/,2026-09-04
SL-MN,SL,MN,sierra-leone,mongolia,eVisa,30,51.5,USD,https://evisa.mn,2026-09-04
SL-VN,SL,VN,sierra-leone,vietnam,eVisa,90,25,USD,https://evisa.gov.vn,2026-09-04
SM-AZ,SM,AZ,san-marino,azerbaijan,eVisa,30,25,USD,https://evisa.gov.az,2026-09-04
SM-BJ,SM,BJ,san-marino,benin,eVisa,30,,,https://evisa.bj/,2026-09-04
SM-GN,SM,GN,san-marino,guinea,eVisa,90,100,USD,https://www.paf.gov.gn/visa/,2026-09-04
SM-IN,SM,IN,san-marino,india,eVisa,60,25,USD,https://indianvisaonline.gov.in/visa/tvoa.html,2026-09-04
SM-KH,SM,KH,san-marino,cambodia,eVisa_or_voa,30,30,USD,http://evisa.mfaic.gov.kh/,2026-09-04
SM-LA,SM,LA,san-marino,laos,eVisa_or_voa,30,,,https://www.laoevisa.gov.la,2026-09-04
SM-MX,SM,MX,san-marino,mexico,not_required,180,10,USD,https://consulmex.sre.gob.mx/saopaulo/index.php/visto-menu/visto-para-turista,2026-09-04
SM-NZ,SM,NZ,san-marino,new-zealand,eta,90,35,,https://www.immigration.govt.nz/new-zealand-visas/apply-for-a-visa/tools-and-information/your-journey-to-new-zealand/before-you-travel-to-new-zealand/paying-ivl,2026-09-04
SM-OM,SM,OM,san-marino,oman,not_required,14,,,https://www.fm.gov.om/visitors/entry-visas/,2026-09-04
SM-UZ,SM,UZ,san-marino,uzbekistan,not_required,30,20,USD,https://web.archive.org/web/20181124014649/https://mfa.uz/en/consular/visa/,2026-09-04
SM-VN,SM,VN,san-marino,vietnam,eVisa,30,25,USD,https://evisa.gov.vn,2026-09-04
SN-IN,SN,IN,senegal,india,eVisa,60,25,USD,https://indianvisaonline.gov.in/visa/tvoa.html,2026-09-04
SN-KH,SN,KH,senegal,cambodia,eVisa_or_voa,30,30,USD,https://www.evisa.gov.kh,2026-09-04
SN-UZ,SN,UZ,senegal,uzbekistan,eVisa,30,20,USD,https://e-visa.gov.uz/main,2026-09-04
SN-VN,SN,VN,senegal,vietnam,eVisa,90,25,USD,https://evisa.gov.vn/,2026-09-04
SO-GN,SO,GN,somalia,guinea,eVisa,90,100,USD,https://www.paf.gov.gn/visa,2026-09-04
SO-KH,SO,KH,somalia,cambodia,eVisa_or_voa,30,30,USD,https://www.evisa.gov.kh/,2026-09-04
SO-LA,SO,LA,somalia,laos,eVisa_or_voa,30,,,https://www.laoevisa.gov.la,2026-09-04
SO-VN,SO,VN,somalia,vietnam,eVisa,90,25,USD,https://evisa.gov.vn/,2026-09-04
SR-BJ,SR,BJ,suriname,benin,eVisa,30,,,https://evisa.gouv.bj/en/,2026-09-04
SR-GN,SR,GN,suriname,guinea,eVisa,90,100,USD,https://www.paf.gov.gn/visa,2026-09-04
SR-IN,SR,IN,suriname,india,eVisa,30,25,USD,https://indianvisaonline.gov.in/evisa/tvoa.html,2026-09-04
SR-KH,SR,KH,suriname,cambodia,eVisa_or_voa,30,30,USD,https://www.evisa.gov.kh,2026-09-04
SR-MN,SR,MN,suriname,mongolia,eVisa,30,51.5,USD,https://evisa.mn,2026-09-04
SR-UZ,SR,UZ,suriname,uzbekistan,eVisa,30,20,USD,https://e-visa.gov.uz,2026-09-04
SR-VN,SR,VN,suriname,vietnam,eVisa,90,25,USD,https://evisa.xuatnhapcanh.gov.vn/web/guest/trang-chu-ttdt,2026-09-04
SS-GN,SS,GN,south-sudan,guinea,eVisa,90,100,USD,https://www.paf.gov.gn/visa,2026-09-04
SS-KH,SS,KH,south-sudan,cambodia,eVisa_or_voa,30,30,USD,https://www.evisa.gov.kh,2026-09-04
SS-MN,SS,MN,south-sudan,mongolia,eVisa,30,51.5,USD,https://evisa.mn,2026-09-04
SS-VN,SS,VN,south-sudan,vietnam,eVisa,90,25,USD,https://evisa.xuatnhapcanh.gov.vn/web/guest/trang-chu-ttdt,2026-09-04
ST-KE,ST,KE,sao-tome-and-principe,kenya,eta,90,,,https://evisa.go.ke/,2026-09-04
ST-KH,ST,KH,sao-tome-and-principe,cambodia,eVisa_or_voa,30,30,USD,https://www.evisa.gov.kh/,2026-09-04
ST-VN,ST,VN,sao-tome-and-principe,vietnam,eVisa,90,25,USD,https://evisa.gov.vn/,2026-09-04
SV-BJ,SV,BJ,el-salvador,benin,eVisa,30,,,https://evisa.gouv.bj/en/,2026-09-04
SV-GN,SV,GN,el-salvador,guinea,eVisa,90,100,USD,https://www.paf.gov.gn/visa,2026-09-04
SV-IN,SV,IN,el-salvador,india,eVisa,30,25,USD,https://indianvisaonline.gov.in/evisa/tvoa.html,2026-09-04
SV-KH,SV,KH,el-salvador,cambodia,eVisa_or_voa,30,30,USD,https://www.evisa.gov.kh,2026-09-04
SV-LA,SV,LA,el-salvador,laos,eVisa_or_voa,30,,,https://www.laoevisa.gov.la,2026-09-04
SV-MN,SV,MN,el-salvador,mongolia,eVisa,30,51.5,USD,https://evisa.mn,2026-09-04
SV-TH,SV,TH,el-salvador,thailand,eVisa_or_voa,60,,,https://www.thaievisa.go.th,2026-09-04
SV-UZ,SV,UZ,el-salvador,uzbekistan,not_required,30,20,USD,https://akipress.com/news:623639:Uzbekistan_introduces_visa_waiver_for_20_more_countries_from_2020/,2026-09-04
SV-VN,SV,VN,el-salvador,vietnam,eVisa,90,25,USD,https://evisa.xuatnhapcanh.gov.vn/web/guest/trang-chu-ttdt,2026-09-04
SY-BJ,SY,BJ,syria,benin,eVisa,30,,,https://evisa.gouv.bj/en/,2026-09-04
SY-GN,SY,GN,syria,guinea,eVisa,90,100,USD,https://www.paf.gov.gn/visa,2026-09-04
SY-KH,SY,KH,syria,cambodia,eVisa_or_voa,30,30,USD,https://www.evisa.gov.kh,2026-09-04
SY-VN,SY,VN,syria,vietnam,eVisa,90,25,USD,https://evisa.xuatnhapcanh.gov.vn/web/guest/trang-chu-ttdt,2026-09-04
SZ-IN,SZ,IN,eswatini,india,eVisa,60,25,USD,https://indianvisaonline.gov.in/visa/tvoa.html,2026-09-04
SZ-KH,SZ,KH,eswatini,cambodia,eVisa_or_voa,30,30,USD,https://www.evisa.gov.kh/,2026-09-04
SZ-VN,SZ,VN,eswatini,vietnam,eVisa,90,25,USD,https://evisa.gov.vn/,2026-09-04
TD-KH,TD,KH,chad,cambodia,eVisa_or_voa,30,30,USD,https://www.evisa.gov.kh/,2026-09-04
TD-LA,TD,LA,chad,laos,eVisa_or_voa,30,,,https://www.laoevisa.gov.la,2026-09-04
TD-VN,TD,VN,chad,vietnam,eVisa,90,25,USD,https://evisa.gov.vn/,2026-09-04
TG-KH,TG,KH,togo,cambodia,eVisa_or_voa,30,30,USD,https://www.evisa.gov.kh/,2026-09-04
TG-LA,TG,LA,togo,laos,eVisa_or_voa,30,,,https://www.laoevisa.gov.la,2026-09-04
TG-VN,TG,VN,togo,vietnam,eVisa,90,25,USD,https://evisa.gov.vn/,2026-09-04
TH-AZ,TH,AZ,thailand,azerbaijan,eVisa,30,25,USD,https://evisa.gov.az,2026-09-04
TH-GN,TH,GN,thailand,guinea,eVisa,90,100,USD,https://www.paf.gov.gn/visa,2026-09-04
TH-ID,TH,ID,thailand,indonesia,not_required,30,,,https://evisa.imigrasi.go.id/,2026-09-04
TH-IN,TH,IN,thailand,india,eVisa,30,25,USD,https://indianvisaonline.gov.in/visa/tvoa.html,2026-09-04
TH-JP,TH,JP,thailand,japan,not_required,15,,,https://www.evisa.mofa.go.jp,2026-09-04
TH-KH,TH,KH,thailand,cambodia,not_required,7,30,USD,https://www.evisa.gov.kh/,2026-09-04
TH-KR,TH,KR,thailand,south-korea,not_required,90,,,https://www.mofa.go.kr,2026-09-04
TH-LA,TH,LA,thailand,laos,not_required,30,,,https://laoevisa.gov.la/,2026-09-04
TH-MM,TH,MM,thailand,myanmar,not_required,14,70,USD,https://evisa.moip.gov.mm,2026-09-04
TH-MN,TH,MN,thailand,mongolia,not_required,30,51.5,USD,https://evisa.mn/,2026-09-04
TH-MX,TH,MX,thailand,mexico,visa_required,,10,USD,https://consulmex.sre.gob.mx/saopaulo/index.php/visto-menu/visto-para-turista,2026-09-04
TH-MY,TH,MY,thailand,malaysia,not_required,30,,,https://malaysiavisa.imi.gov.my/,2026-09-04
TH-PH,TH,PH,thailand,philippines,not_required,30,,,https://evisa.gov.ph/,2026-09-04
TH-SG,TH,SG,thailand,singapore,not_required,30,,,,2026-09-04
TH-UZ,TH,UZ,thailand,uzbekistan,eVisa,30,20,USD,https://e-visa.gov.uz,2026-09-04
TH-VN,TH,VN,thailand,vietnam,not_required,30,,,https://evisa.gov.vn,2026-09-04
TJ-AZ,TJ,AZ,tajikistan,azerbaijan,not_required,90,25,USD,https://evisa.gov.az,2026-09-04
TJ-BJ,TJ,BJ,tajikistan,benin,eVisa,30,,,https://evisa.bj/,2026-09-04
TJ-IN,TJ,IN,tajikistan,india,eVisa,60,25,USD,https://indianvisaonline.gov.in/visa/tvoa.html,2026-09-04
TJ-KH,TJ,KH,tajikistan,cambodia,eVisa_or_voa,30,30,USD,https://www.evisa.gov.kh/,2026-09-04
TJ-LA,TJ,LA,tajikistan,laos,eVisa_or_voa,30,,,https://www.laoevisa.gov.la,2026-09-04
TJ-TH,TJ,TH,tajikistan,thailand,eVisa,15,,,https://www.thaievisa.go.th/,2026-09-04
TJ-UZ,TJ,UZ,tajikistan,uzbekistan,not_required,30,20,USD,https://e-visa.gov.uz/main,2026-09-04
TJ-VN,TJ,VN,tajikistan,vietnam,eVisa,90,25,USD,https://evisa.xuatnhapcanh.gov.vn/vi_VN/trang-chu-ttdt,2026-09-04
TL-BJ,TL,BJ,timor-leste,benin,eVisa,30,,,https://evisa.bj/,2026-09-04
TL-GN,TL,GN,timor-leste,guinea,eVisa,90,100,USD,https://www.paf.gov.gn/visa,2026-09-04
TL-IN,TL,IN,timor-leste,india,eVisa,30,25,USD,https://indianvisaonline.gov.in/evisa/tvoa.html,2026-09-04
TL-KH,TL,KH,timor-leste,cambodia,eVisa_or_voa,30,30,USD,https://www.evisa.gov.kh,2026-09-04
TL-MN,TL,MN,timor-leste,mongolia,eVisa,30,51.5,USD,https://evisa.mn,2026-09-04
TL-VN,TL,VN,timor-leste,vietnam,eVisa,90,25,USD,https://evisa.xuatnhapcanh.gov.vn/web/guest/trang-chu-ttdt,2026-09-04
TM-AZ,TM,AZ,turkmenistan,azerbaijan,eVisa,30,25,USD,https://evisa.gov.az/en/,2026-09-04
TM-BJ,TM,BJ,turkmenistan,benin,eVisa,30,,,https://evisa.bj/,2026-09-04
TM-KH,TM,KH,turkmenistan,cambodia,eVisa_or_voa,30,30,USD,https://www.evisa.gov.kh/,2026-09-04
TM-LA,TM,LA,turkmenistan,laos,eVisa_or_voa,30,,,https://www.laoevisa.gov.la,2026-09-04
TM-MY,TM,MY,turkmenistan,malaysia,not_required,90,,,https://malaysiavisa.imi.gov.my/,2026-09-04
TM-PK,TM,PK,turkmenistan,pakistan,eVisa,90,,,https://visa.nadra.gov.pk/,2026-09-04
TM-SY,TM,SY,turkmenistan,syria,eVisa_or_voa,180,,,https://english.alarabiya.net/News/middle-east/2014/03/12/Syria-issues-law-imposing-visas-on-its-visitors-,2026-09-04
TM-TH,TM,TH,turkmenistan,thailand,eVisa,90,,,https://ankara.thaiembassy.org/en/content/be-ready-for-electronic-visa-it-s-coming-soon-to-a?cate=5d77106415e39c2f34004559,2026-09-04
TM-VN,TM,VN,turkmenistan,vietnam,eVisa,90,25,USD,https://evisa.xuatnhapcanh.gov.vn/web/guest/trang-chu-ttdt,2026-09-04
TN-CU,TN,CU,tunisia,cuba,eVisa,90,,,https://evisacuba.cu,2026-09-04
TN-DJ,TN,DJ,tunisia,djibouti,eVisa,90,,,https://www.evisa.gouv.dj,2026-09-04
TN-GN,TN,GN,tunisia,guinea,not_required,90,100,USD,https://www.paf.gov.gn/visa/,2026-09-04
TN-KH,TN,KH,tunisia,cambodia,eVisa_or_voa,30,30,USD,https://www.evisa.gov.kh,2026-09-04
TN-LA,TN,LA,tunisia,laos,eVisa_or_voa,30,,,https://laoevisa.gov.la,2026-09-04
TN-TT,TN,TT,tunisia,trinidad-and-tobago,eVisa,90,,,https://evisa.ttservices.online,2026-09-04
TN-UZ,TN,UZ,tunisia,uzbekistan,eVisa,30,20,USD,https://e-visa.gov.uz,2026-09-04
TN-VN,TN,VN,tunisia,vietnam,eVisa,90,25,USD,https://evisa.gov.vn,2026-09-04
TO-BJ,TO,BJ,tonga,benin,eVisa,30,,,https://evisa.bj/,2026-09-04
TO-GN,TO,GN,tonga,guinea,eVisa,90,100,USD,https://www.paf.gov.gn/visa,2026-09-04
TO-IN,TO,IN,tonga,india,eVisa,60,25,USD,https://indianvisaonline.gov.in/visa/tvoa.html,2026-09-04
TO-KH,TO,KH,tonga,cambodia,eVisa_or_voa,30,30,USD,https://www.evisa.gov.kh/,2026-09-04
TO-MN,TO,MN,tonga,mongolia,eVisa,30,51.5,USD,https://evisa.mn,2026-09-04
TO-UZ,TO,UZ,tonga,uzbekistan,eVisa,30,20,USD,https://e-visa.gov.uz/main,2026-09-04
TO-VN,TO,VN,tonga,vietnam,eVisa,90,25,USD,https://evisa.gov.vn/,2026-09-04
TR-AZ,TR,AZ,turkiye,azerbaijan,not_required,90,25,USD,https://www.resmigazete.gov.tr/eskiler/2021/01/20210130-1.pdf,2026-09-04
TR-GN,TR,GN,turkiye,guinea,eVisa,90,100,USD,https://www.paf.gov.gn/visa,2026-09-04
TR-KH,TR,KH,turkiye,cambodia,eVisa_or_voa,30,30,USD,https://www.evisa.gov.kh,2026-09-04
TR-LA,TR,LA,turkiye,laos,eVisa_or_voa,30,,,https://laoevisa.gov.la,2026-09-04
TR-MM,TR,MM,turkiye,myanmar,eVisa,28,70,USD,https://evisa.moip.gov.mm,2026-09-04
TR-MN,TR,MN,turkiye,mongolia,not_required,30,51.5,USD,https://evisa.mn/,2026-09-04
TR-MX,TR,MX,turkiye,mexico,eta,180,10,USD,https://embamex.sre.gob.mx/turquia/index.php/consular-services/electronic-visa,2026-09-04
TR-SY,TR,SY,turkiye,syria,not_required,90,50,USD,https://www.mfa.gov.tr/turk-vatandaslarinin-tabi-oldugu-vize-uygulamalari.tr.mfa,2026-09-04
TR-UZ,TR,UZ,turkiye,uzbekistan,not_required,30,20,USD,https://e-visa.gov.uz/main,2026-09-04
TR-VN,TR,VN,turkiye,vietnam,eVisa,90,25,USD,https://evisa.gov.vn,2026-09-04
TT-AZ,TT,AZ,trinidad-and-tobago,azerbaijan,eVisa,30,25,USD,https://evisa.gov.az/en/,2026-09-04
TT-BJ,TT,BJ,trinidad-and-tobago,benin,eVisa,30,,,https://evisa.gouv.bj/en/,2026-09-04
TT-GE,TT,GE,trinidad-and-tobago,georgia,eVisa,90,20,,https://web.archive.org/web/20200313231552/https://www.evisa.gov.ge/,2026-09-04
TT-GN,TT,GN,trinidad-and-tobago,guinea,eVisa,90,100,USD,https://www.paf.gov.gn/visa/,2026-09-04
TT-IN,TT,IN,trinidad-and-tobago,india,eVisa,30,25,USD,https://indianvisaonline.gov.in/visa/tvoa.html,2026-09-04
TT-KH,TT,KH,trinidad-and-tobago,cambodia,eVisa_or_voa,30,30,USD,http://evisa.mfaic.gov.kh/,2026-09-04
TT-LA,TT,LA,trinidad-and-tobago,laos,eVisa_or_voa,30,,,https://www.laoevisa.gov.la,2026-09-04
TT-MN,TT,MN,trinidad-and-tobago,mongolia,eVisa,30,51.5,USD,https://en.consul.mn/visa/c/153,2026-09-04
TT-MX,TT,MX,trinidad-and-tobago,mexico,not_required,180,10,USD,https://consulmex.sre.gob.mx/saopaulo/index.php/visto-menu/visto-para-turista,2026-09-04
TT-TH,TT,TH,trinidad-and-tobago,thailand,not_required,30,,,https://www.thaievisa.go.th/,2026-09-04
TT-UZ,TT,UZ,trinidad-and-tobago,uzbekistan,not_required,30,20,USD,https://akipress.com/news:623639:Uzbekistan_introduces_visa_waiver_for_20_more_countries_from_2020/,2026-09-04
TT-VN,TT,VN,trinidad-and-tobago,vietnam,eVisa,90,25,USD,http://www.vietseatourist.vn/News/category1/news-57/No-visa-required-for-tourists-to-Phu-Quoc-on-short-stay.html,2026-09-04
TV-BJ,TV,BJ,tuvalu,benin,eVisa,30,,,https://evisa.bj/,2026-09-04
TV-GN,TV,GN,tuvalu,guinea,eVisa,90,100,USD,https://www.paf.gov.gn/visa,2026-09-04
TV-IN,TV,IN,tuvalu,india,eVisa,60,25,USD,https://indianvisaonline.gov.in/visa/tvoa.html,2026-09-04
TV-KH,TV,KH,tuvalu,cambodia,eVisa_or_voa,30,30,USD,https://www.evisa.gov.kh/,2026-09-04
TV-LA,TV,LA,tuvalu,laos,eVisa_or_voa,30,,,https://www.laoevisa.gov.la,2026-09-04
TV-MN,TV,MN,tuvalu,mongolia,eVisa,30,51.5,USD,https://evisa.mn,2026-09-04
TV-VN,TV,VN,tuvalu,vietnam,eVisa,90,25,USD,https://evisa.gov.vn/,2026-09-04
TZ-IN,TZ,IN,tanzania,india,eVisa,60,25,USD,https://indianvisaonline.gov.in/visa/tvoa.html,2026-09-04
TZ-KH,TZ,KH,tanzania,cambodia,eVisa_or_voa,30,30,USD,https://www.evisa.gov.kh,2026-09-04
TZ-LA,TZ,LA,tanzania,laos,eVisa_or_voa,30,,,https://www.laoevisa.gov.la,2026-09-04
TZ-MN,TZ,MN,tanzania,mongolia,eVisa,30,51.5,USD,https://evisa.mn,2026-09-04
TZ-TH,TZ,TH,tanzania,thailand,eVisa,30,,,https://www.thaievisa.go.th/,2026-09-04
TZ-VN,TZ,VN,tanzania,vietnam,eVisa,90,25,USD,https://evisa.gov.vn/,2026-09-04
UA-AZ,UA,AZ,ukraine,azerbaijan,not_required,90,25,USD,https://migration.gov.az/,2026-09-04
UA-GN,UA,GN,ukraine,guinea,eVisa,90,100,USD,https://www.paf.gov.gn/visa,2026-09-04
UA-IN,UA,IN,ukraine,india,eVisa,30,25,USD,https://indianvisaonline.gov.in/evisa/tvoa.html,2026-09-04
UA-KH,UA,KH,ukraine,cambodia,eVisa_or_voa,30,30,USD,https://www.evisa.gov.kh,2026-09-04
UA-LA,UA,LA,ukraine,laos,eVisa_or_voa,30,,,https://www.laoevisa.gov.la,2026-09-04
UA-MM,UA,MM,ukraine,myanmar,eVisa,28,70,USD,https://evisa.moip.gov.mm,2026-09-04
UA-MX,UA,MX,ukraine,mexico,eta,180,10,USD,https://consulmex.sre.gob.mx/saopaulo/index.php/visto-menu/visto-para-turista,2026-09-04
UA-NA,UA,NA,ukraine,namibia,eVisa_or_voa,90,160,,https://eservices.mhaiss.gov.na/,2026-09-04
UA-QA,UA,QA,ukraine,qatar,eVisa_or_voa,90,,,https://portal.moi.gov.qa/wps/portal/MOIInternet/departmentcommittees/ganationalborderexpatriateaffairs/!ut/p/z1/rVPJTsMwFPwWDjkh816WNg43UxDdoKCUJb4gJ3GKUeMEx7SUr8dsN2hBwie_55mRZjQGDrfAtViphbCq0WLp5oz3784TZH4yw8lskJy4K5vMZ8OLIGUBXEN2BFmwovE-g5t39IjRaOijP6FDpMjS-Xh-NBsEiD7w7WIffPzhMPwdfwuAb5fPHD_-kX8ZQQoceFuoErIkjDGkwicx9imJZEBJEkchEVVR0ahXuOf-LkH_vwXjPwuOd2XqGqAeHh85A1402spnC7frol6qnCg3Gi0tEcbDTpBStsLYWmpbNHWtrJXSw4XU0oilKGulVWfNe7OaSn82TNlN3phSmk7oUj63wholrBRVJZTpPPyViZs3087GeHg8wjDFyem0H7rmTc8GweASkfY-AduquascLqnFssk_PgXTeUgXwI2spJHm4Mm49b217aGHHq5zF01nMfDwO_B9072F-AWCVOq7qxTaWm-UIiKnGPba1cu0SkeE55twzfZeAbKf43Y!/?1dmy&urile=wcm%3apath%3a%2Fwcmlib-internet-ar%2Fsa-departmentcommittee%2Fgeneraladministrationofnationalitybordersandexpatriateaffairs%2F086973d9-f8ea-460c-a823-748302259ff2,2026-09-04
UA-VN,UA,VN,ukraine,vietnam,eVisa,90,25,USD,https://evisa.gov.vn,2026-09-04
UG-GN,UG,GN,uganda,guinea,eVisa,90,100,USD,https://www.paf.gov.gn/visa,2026-09-04
UG-IN,UG,IN,uganda,india,eVisa,60,25,USD,https://indianvisaonline.gov.in/visa/tvoa.html,2026-09-04
UG-KH,UG,KH,uganda,cambodia,eVisa_or_voa,30,30,USD,https://www.evisa.gov.kh/,2026-09-04
UG-LA,UG,LA,uganda,laos,eVisa_or_voa,30,,,https://www.laoevisa.gov.la,2026-09-04
UG-MM,UG,MM,uganda,myanmar,eVisa,28,70,USD,https://evisa.moip.gov.mm/,2026-09-04
UG-VN,UG,VN,uganda,vietnam,eVisa,90,25,USD,https://evisa.gov.vn/,2026-09-04
US-AG,US,AG,united-states,antigua-and-barbuda,not_required,180,,,http://www.immigration.gov.ag/visa-services/general-visa-information/,2026-09-04
US-AU,US,AU,united-states,australia,eta,90,20,,https://immi.homeaffairs.gov.au/visas/getting-a-visa/visa-listing/electronic-travel-authority-601,2026-09-04
US-AZ,US,AZ,united-states,azerbaijan,eVisa,30,25,USD,https://evisa.gov.az,2026-09-04
US-BD,US,BD,united-states,bangladesh,visa_on_arrival,30,50,USD,https://travel.state.gov/content/passports/en/country/bangladesh.html,2026-09-04
US-BE,US,BE,united-states,belgium,not_required,90,,,https://travel.state.gov/content/passports/en/country/belgium.html,2026-09-04
US-BJ,US,BJ,united-states,benin,eVisa,30,50,EUR,https://evisa.bj,2026-09-04
US-CA,US,CA,united-states,canada,not_required,180,,,http://www.cic.gc.ca/english/visit/visas-all.asp#exemptions,2026-09-04
US-CD,US,CD,united-states,dr-congo,eVisa,7,,,https://evisa.gouv.cd,2026-09-04
US-CI,US,CI,united-states,ivory-coast,eVisa,90,,,https://snedai.com/e-visa/,2026-09-04
US-CU,US,CU,united-states,cuba,eVisa,90,,,https://evisacuba.cu,2026-09-04
US-DE,US,DE,united-states,germany,not_required,90,,,https://travel.state.gov/content/passports/en/country/germany.html,2026-09-04
US-GB,US,GB,united-states,united-kingdom,eta,180,16,GBP,https://www.gov.uk/guidance/apply-for-an-electronic-travel-authorisation-eta,2026-09-04
US-GH,US,GH,united-states,ghana,eVisa,,3,TRY,https://travel.state.gov/content/travel/en/international-travel/International-Travel-Country-Information-Pages/Ghana.html,2026-09-04
US-GM,US,GM,united-states,gambia,visa_on_arrival,30,,,http://www.gid.gov.gm/entry,2026-09-04
US-GN,US,GN,united-states,guinea,eVisa,90,100,USD,https://www.paf.gov.gn/visa,2026-09-04
US-GQ,US,GQ,united-states,equatorial-guinea,eVisa,,75,USD,https://equatorialguinea-evisa.com/,2026-09-04
US-ID,US,ID,united-states,indonesia,eVisa_or_voa,30,500,IDR,https://evisa.imigrasi.go.id,2026-09-04
US-IE,US,IE,united-states,ireland,not_required,90,,,http://www.inis.gov.ie/en/INIS/Pages/Irish%20Visa%20Information,2026-09-04
US-IN,US,IN,united-states,india,eVisa,30,25,USD,https://indianvisaonline.gov.in/visa/tvoa.html,2026-09-04
US-JP,US,JP,united-states,japan,not_required,90,,,https://www.evisa.mofa.go.jp,2026-09-04
US-KH,US,KH,united-states,cambodia,eVisa_or_voa,30,30,USD,https://www.evisa.gov.kh,2026-09-04
US-LA,US,LA,united-states,laos,eVisa_or_voa,30,,,https://laoevisa.gov.la,2026-09-04
US-LB,US,LB,united-states,lebanon,visa_on_arrival,30,,,https://travel.state.gov/content/travel/en/traveladvisories/traveladvisories/lebanon-travel-advisory.html,2026-09-04
US-ML,US,ML,united-states,mali,admission_restricted,,185,USD,https://travel.state.gov/content/travel/en/international-travel/International-Travel-Country-Information-Pages/Mali.html,2026-09-04
US-MM,US,MM,united-states,myanmar,eVisa,28,70,USD,https://evisa.moip.gov.mm,2026-09-04
US-MN,US,MN,united-states,mongolia,not_required,90,51.5,USD,https://travel.state.gov/content/passports/en/country/mongolia.html,2026-09-04
US-MR,US,MR,united-states,mauritania,eVisa,30,,,https://anrpts.gov.mr/en,2026-09-04
US-MX,US,MX,united-states,mexico,not_required,180,40,USD,https://travel.state.gov/content/passports/en/country/mexico.html,2026-09-04
US-MY,US,MY,united-states,malaysia,not_required,90,,,https://travel.state.gov/content/passports/en/country/malaysia.html,2026-09-04
US-MZ,US,MZ,united-states,mozambique,eta,30,48,USD,https://evisa.gov.mz,2026-09-04
US-NA,US,NA,united-states,namibia,eVisa_or_voa,90,160,,https://eservices.mhaiss.gov.na/,2026-09-04
US-NG,US,NG,united-states,nigeria,eVisa,30,,,https://evisa.immigration.gov.ng,2026-09-04
US-NL,US,NL,united-states,netherlands,not_required,90,,,https://travel.state.gov/content/passports/en/country/netherlands.html,2026-09-04
US-NZ,US,NZ,united-states,new-zealand,eta,90,17,,https://travel.state.gov/content/passports/en/country/new-zealand.html,2026-09-04
US-PH,US,PH,united-states,philippines,not_required,30,,,https://travel.state.gov/content/travel/en/international-travel/International-Travel-Country-Information-Pages/Philippines.html,2026-09-04
US-PW,US,PW,united-states,palau,not_required,365,1000,USD,https://travel.state.gov/en/international-travel/travel-advisories/palau.html,2026-09-04
US-QA,US,QA,united-states,qatar,not_required,90,76,QAR,https://portal.moi.gov.qa/qatarvisas/,2026-09-04
US-SG,US,SG,united-states,singapore,not_required,90,,,https://travel.state.gov/content/passports/en/country/singapore.html,2026-09-04
US-SK,US,SK,united-states,slovakia,not_required,90,50,USD,http://www.mzv.sk/en/consular_info/visa,2026-09-04
US-SL,US,SL,united-states,sierra-leone,eVisa_or_voa,30,,,https://evisa.sl,2026-09-04
US-SN,US,SN,united-states,senegal,not_required,90,,,https://travel.state.gov/content/passports/en/country/senegal.html,2026-09-04
US-ST,US,ST,united-states,sao-tome-and-principe,not_required,15,,,https://travel.state.gov/content/passports/en/country/sao-tome-principe.html,2026-09-04
US-TH,US,TH,united-states,thailand,not_required,30,,,https://tdac.immigration.go.th/arrival-card/#/home,2026-09-04
US-UG,US,UG,united-states,uganda,eVisa,90,,,https://visas.immigration.go.ug,2026-09-04
US-UZ,US,UZ,united-states,uzbekistan,not_required,30,20,USD,https://e-visa.gov.uz,2026-09-04
US-VN,US,VN,united-states,vietnam,eVisa,90,25,USD,https://evisa.gov.vn/,2026-09-04
US-ZM,US,ZM,united-states,zambia,not_required,30,,,https://eservices.zambiaimmigration.gov.zm/#/home,2026-09-04
UY-BJ,UY,BJ,uruguay,benin,eVisa,30,,,https://evisa.gouv.bj/en/,2026-09-04
UY-CD,UY,CD,uruguay,dr-congo,eVisa,7,,,https://evisa.gouv.cd,2026-09-04
UY-GA,UY,GA,uruguay,gabon,eVisa,90,,,https://evisa.dgdi.ga,2026-09-04
UY-GN,UY,GN,uruguay,guinea,eVisa,90,100,USD,https://www.paf.gov.gn/visa,2026-09-04
UY-IN,UY,IN,uruguay,india,eVisa,30,25,USD,https://indianvisaonline.gov.in/evisa/tvoa.html,2026-09-04
UY-KH,UY,KH,uruguay,cambodia,eVisa_or_voa,30,30,USD,https://www.evisa.gov.kh,2026-09-04
UY-LA,UY,LA,uruguay,laos,eVisa_or_voa,30,,,https://www.laoevisa.gov.la,2026-09-04
UY-MM,UY,MM,uruguay,myanmar,eVisa,28,70,USD,https://evisa.moip.gov.mm,2026-09-04
UY-MN,UY,MN,uruguay,mongolia,not_required,30,51.5,USD,https://evisa.mn/,2026-09-04
UY-MX,UY,MX,uruguay,mexico,not_required,180,10,USD,https://consulmex.sre.gob.mx/saopaulo/index.php/visto-menu/visto-para-turista,2026-09-04
UY-NG,UY,NG,uruguay,nigeria,eVisa,90,,,https://visa.immigration.gov.ng,2026-09-04
UY-NZ,UY,NZ,uruguay,new-zealand,eta,90,35,,https://www.immigration.govt.nz/new-zealand-visas/apply-for-a-visa/tools-and-information/your-journey-to-new-zealand/before-you-travel-to-new-zealand/paying-ivl,2026-09-04
UY-SL,UY,SL,uruguay,sierra-leone,eVisa,90,,,https://evisa.sl,2026-09-04
UY-UG,UY,UG,uruguay,uganda,eVisa,90,,,https://visas.immigration.go.ug,2026-09-04
UY-UZ,UY,UZ,uruguay,uzbekistan,eVisa,30,20,USD,https://e-visa.gov.uz,2026-09-04
UY-VN,UY,VN,uruguay,vietnam,eVisa,90,25,USD,https://evisa.xuatnhapcanh.gov.vn/web/guest/trang-chu-ttdt,2026-09-04
UY-ZM,UY,ZM,uruguay,zambia,eVisa_or_voa,90,,,http://evisa.zambiaimmigration.gov.zm/,2026-09-04
UZ-AZ,UZ,AZ,uzbekistan,azerbaijan,not_required,90,25,USD,https://www.mfa.gov.az/en/category/viza/vizasiz-gedis-gelis-rejimi-tetbiq-olunan-olkeler,2026-09-04
UZ-KH,UZ,KH,uzbekistan,cambodia,eVisa_or_voa,30,30,USD,https://www.evisa.gov.kh/,2026-09-04
UZ-MM,UZ,MM,uzbekistan,myanmar,eVisa,28,70,USD,https://evisa.moip.gov.mm/,2026-09-04
UZ-MN,UZ,MN,uzbekistan,mongolia,not_required,30,51.5,USD,https://mfa.uz/ru/press/news/2022/o-vstreche-s-zamglavy-mid-mongolii---31583,2026-09-04
UZ-MX,UZ,MX,uzbekistan,mexico,visa_required,,10,USD,https://consulmex.sre.gob.mx/saopaulo/index.php/visto-menu/visto-para-turista,2026-09-04
UZ-NA,UZ,NA,uzbekistan,namibia,visa_on_arrival,30,1600,,https://visaguide.world/news/namibia-imposes-new-visa-on-arrival-requirements-for-nationals-of-33-countries/,2026-09-04
UZ-VN,UZ,VN,uzbekistan,vietnam,eVisa,90,25,USD,https://evisa.gov.vn/,2026-09-04
VA-AZ,VA,AZ,vatican-city,azerbaijan,eVisa,30,25,USD,https://evisa.gov.az/en/,2026-09-04
VA-BJ,VA,BJ,vatican-city,benin,eVisa,30,,,https://evisa.bj/,2026-09-04
VA-GN,VA,GN,vatican-city,guinea,eVisa,90,100,USD,https://www.paf.gov.gn/visa,2026-09-04
VA-IN,VA,IN,vatican-city,india,eVisa,60,25,USD,https://indianvisaonline.gov.in/visa/tvoa.html,2026-09-04
VA-KH,VA,KH,vatican-city,cambodia,eVisa_or_voa,30,30,USD,http://evisa.mfaic.gov.kh/,2026-09-04
VA-LA,VA,LA,vatican-city,laos,eVisa_or_voa,30,,,https://laoevisa.gov.la/faq,2026-09-04
VA-MX,VA,MX,vatican-city,mexico,not_required,180,10,USD,https://consulmex.sre.gob.mx/saopaulo/index.php/visto-menu/visto-para-turista,2026-09-04
VA-NZ,VA,NZ,vatican-city,new-zealand,eta,90,35,,https://www.immigration.govt.nz/new-zealand-visas/apply-for-a-visa/tools-and-information/your-journey-to-new-zealand/before-you-travel-to-new-zealand/paying-ivl,2026-09-04
VA-UZ,VA,UZ,vatican-city,uzbekistan,not_required,30,20,USD,https://web.archive.org/web/20181124014649/https://mfa.uz/en/consular/visa/,2026-09-04
VA-VN,VA,VN,vatican-city,vietnam,eVisa,90,25,USD,https://evisa.gov.vn/,2026-09-04
VC-BJ,VC,BJ,saint-vincent-and-the-grenadines,benin,eVisa,30,,,https://evisa.bj/,2026-09-04
VC-BT,VC,BT,saint-vincent-and-the-grenadines,bhutan,eVisa,90,40,USD,https://visit.doi.gov.bt,2026-09-04
VC-GN,VC,GN,saint-vincent-and-the-grenadines,guinea,eVisa,90,100,USD,https://www.paf.gov.gn/visa/,2026-09-04
VC-IN,VC,IN,saint-vincent-and-the-grenadines,india,eVisa,30,25,USD,https://indianvisaonline.gov.in/visa/tvoa.html,2026-09-04
VC-KH,VC,KH,saint-vincent-and-the-grenadines,cambodia,eVisa_or_voa,30,30,USD,http://evisa.mfaic.gov.kh/,2026-09-04
VC-LA,VC,LA,saint-vincent-and-the-grenadines,laos,eVisa_or_voa,30,,,https://www.laoevisa.gov.la,2026-09-04
VC-MN,VC,MN,saint-vincent-and-the-grenadines,mongolia,eVisa,30,51.5,USD,https://en.consul.mn/visa/c/153,2026-09-04
VC-UZ,VC,UZ,saint-vincent-and-the-grenadines,uzbekistan,not_required,30,20,USD,https://akipress.com/news:623639:Uzbekistan_introduces_visa_waiver_for_20_more_countries_from_2020/,2026-09-04
VC-VN,VC,VN,saint-vincent-and-the-grenadines,vietnam,eVisa,90,25,USD,https://evisa.xuatnhapcanh.gov.vn/trang-chu-ttdt/,2026-09-04
VE-AE,VE,AE,venezuela,united-arab-emirates,visa_required,,170,AED,https://smartservices.icp.gov.ae/echannels/web/client/guest/index.html#/dashboard,2026-09-04
VE-AZ,VE,AZ,venezuela,azerbaijan,visa_required,,25,USD,https://evisa.gov.az,2026-09-04
VE-BJ,VE,BJ,venezuela,benin,eVisa,30,,,https://evisa.gouv.bj/en/,2026-09-04
VE-GN,VE,GN,venezuela,guinea,eVisa,90,100,USD,https://www.paf.gov.gn/visa,2026-09-04
VE-IN,VE,IN,venezuela,india,eVisa,30,25,USD,https://indianvisaonline.gov.in/evisa/tvoa.html,2026-09-04
VE-KH,VE,KH,venezuela,cambodia,eVisa_or_voa,30,30,USD,https://www.evisa.gov.kh,2026-09-04
VE-LA,VE,LA,venezuela,laos,eVisa_or_voa,30,,,https://www.laoevisa.gov.la,2026-09-04
VE-MM,VE,MM,venezuela,myanmar,eVisa,28,70,USD,https://evisa.moip.gov.mm,2026-09-04
VE-MN,VE,MN,venezuela,mongolia,eVisa,30,51.5,USD,https://evisa.mn,2026-09-04
VE-TH,VE,TH,venezuela,thailand,eVisa_or_voa,15,,,https://www.thaievisa.go.th/,2026-09-04
VE-UZ,VE,UZ,venezuela,uzbekistan,eVisa,30,20,USD,https://e-visa.gov.uz,2026-09-04
VE-VN,VE,VN,venezuela,vietnam,eVisa,90,25,USD,https://evisa.xuatnhapcanh.gov.vn/web/guest/trang-chu-ttdt,2026-09-04
VN-AZ,VN,AZ,vietnam,azerbaijan,eVisa,30,25,USD,https://evisa.gov.az,2026-09-04
VN-BJ,VN,BJ,vietnam,benin,eVisa,30,50,EUR,https://evisa.gouv.bj/en/,2026-09-04
VN-GN,VN,GN,vietnam,guinea,eVisa,90,100,USD,https://www.paf.gov.gn/visa,2026-09-04
VN-ID,VN,ID,vietnam,indonesia,not_required,30,,,https://evisa.imigrasi.go.id/,2026-09-04
VN-IN,VN,IN,vietnam,india,eVisa,30,25,USD,https://indianvisaonline.gov.in/evisa/tvoa.html,2026-09-04
VN-JP,VN,JP,vietnam,japan,visa_required,,,,https://www.evisa.mofa.go.jp,2026-09-04
VN-KH,VN,KH,vietnam,cambodia,not_required,30,30,USD,https://www.evisa.gov.kh/,2026-09-04
VN-KR,VN,KR,vietnam,south-korea,visa_required,,,,,2026-09-04
VN-LA,VN,LA,vietnam,laos,not_required,30,,,https://laoevisa.gov.la/,2026-09-04
VN-MM,VN,MM,vietnam,myanmar,not_required,30,70,USD,https://evisa.moip.gov.mm/,2026-09-04
VN-MN,VN,MN,vietnam,mongolia,not_required,30,51.5,USD,https://evisa.mn/,2026-09-04
VN-MX,VN,MX,vietnam,mexico,visa_required,,10,USD,http://consulmex.sre.gob.mx/sanfrancisco/index.php/visas-traveling-to-mexico,2026-09-04
VN-MY,VN,MY,vietnam,malaysia,not_required,30,,,https://malaysiavisa.imi.gov.my/,2026-09-04
VN-PH,VN,PH,vietnam,philippines,not_required,30,,,https://evisa.gov.ph/,2026-09-04
VN-SG,VN,SG,vietnam,singapore,not_required,30,,,,2026-09-04
VN-TH,VN,TH,vietnam,thailand,not_required,30,,,https://www.thaievisa.go.th/,2026-09-04
VN-UZ,VN,UZ,vietnam,uzbekistan,conditional_free,30,20,USD,https://e-visa.gov.uz,2026-09-04
VU-BJ,VU,BJ,vanuatu,benin,eVisa,30,,,https://evisa.bj/,2026-09-04
VU-GN,VU,GN,vanuatu,guinea,eVisa,90,100,USD,https://www.paf.gov.gn/visa,2026-09-04
VU-IN,VU,IN,vanuatu,india,eVisa,60,25,USD,https://indianvisaonline.gov.in/visa/tvoa.html,2026-09-04
VU-KH,VU,KH,vanuatu,cambodia,eVisa_or_voa,30,30,USD,https://www.evisa.gov.kh/,2026-09-04
VU-LA,VU,LA,vanuatu,laos,eVisa_or_voa,30,,,https://www.laoevisa.gov.la,2026-09-04
VU-MN,VU,MN,vanuatu,mongolia,eVisa,30,51.5,USD,https://evisa.mn,2026-09-04
VU-TH,VU,TH,vanuatu,thailand,eVisa_or_voa,30,,,https://www.thaievisa.go.th/,2026-09-04
VU-UZ,VU,UZ,vanuatu,uzbekistan,eVisa,30,20,USD,https://e-visa.gov.uz/,2026-09-04
VU-VN,VU,VN,vanuatu,vietnam,eVisa,90,25,USD,https://evisa.gov.vn,2026-09-04
WS-BJ,WS,BJ,samoa,benin,eVisa,30,,,https://evisa.gouv.bj/en/,2026-09-04
WS-IN,WS,IN,samoa,india,eVisa,60,25,USD,https://indianvisaonline.gov.in/visa/tvoa.html,2026-09-04
WS-LA,WS,LA,samoa,laos,eVisa_or_voa,30,,,https://www.laoevisa.gov.la,2026-09-04
WS-MM,WS,MM,samoa,myanmar,eVisa,28,70,USD,https://evisa.moip.gov.mm,2026-09-04
WS-MN,WS,MN,samoa,mongolia,eVisa,30,51.5,USD,https://evisa.mn,2026-09-04
WS-UZ,WS,UZ,samoa,uzbekistan,eVisa,30,20,USD,https://e-visa.gov.uz/main,2026-09-04
WS-VN,WS,VN,samoa,vietnam,eVisa,30,25,USD,https://evisa.gov.vn,2026-09-04
XK-BJ,XK,BJ,kosovo,benin,eVisa,30,,,https://evisa.gouv.bj/en/,2026-09-04
XK-GN,XK,GN,kosovo,guinea,eVisa,90,100,USD,https://www.paf.gov.gn/visa,2026-09-04
XK-QA,XK,QA,kosovo,qatar,visa_required,,500,USD,https://hayya.qa/,2026-09-04
XK-VN,XK,VN,kosovo,vietnam,eVisa,90,25,USD,https://evisa.xuatnhapcanh.gov.vn/web/guest/trang-chu-ttdt,2026-09-04
YE-BJ,YE,BJ,yemen,benin,eVisa,30,,,https://evisa.bj/,2026-09-04
YE-GN,YE,GN,yemen,guinea,eVisa,90,100,USD,https://www.paf.gov.gn/visa,2026-09-04
YE-KH,YE,KH,yemen,cambodia,eVisa_or_voa,30,30,USD,https://www.evisa.gov.kh/,2026-09-04
YE-LA,YE,LA,yemen,laos,eVisa_or_voa,30,,,https://www.laoevisa.gov.la,2026-09-04
YE-TR,YE,TR,yemen,turkiye,eVisa,30,,,https://www.evisa.gov.tr/en/apply/,2026-09-04
YE-VN,YE,VN,yemen,vietnam,eVisa,30,25,USD,https://evisa.gov.vn/,2026-09-04
ZA-AZ,ZA,AZ,south-africa,azerbaijan,eVisa,30,25,USD,https://evisa.gov.az,2026-09-04
ZA-GN,ZA,GN,south-africa,guinea,eVisa,90,100,USD,https://www.paf.gov.gn/visa,2026-09-04
ZA-IN,ZA,IN,south-africa,india,eVisa,30,25,USD,https://indianvisaonline.gov.in/evisa/tvoa.html,2026-09-04
ZA-KH,ZA,KH,south-africa,cambodia,eVisa_or_voa,30,30,USD,https://www.evisa.gov.kh,2026-09-04
ZA-LA,ZA,LA,south-africa,laos,eVisa_or_voa,30,,,https://www.laoevisa.gov.la,2026-09-04
ZA-MM,ZA,MM,south-africa,myanmar,eVisa,28,70,USD,https://evisa.moip.gov.mm,2026-09-04
ZA-MN,ZA,MN,south-africa,mongolia,eVisa,30,51.5,USD,https://evisa.mn,2026-09-04
ZA-MX,ZA,MX,south-africa,mexico,visa_required,,10,USD,https://consulmex.sre.gob.mx/saopaulo/index.php/visto-menu/visto-para-turista,2026-09-04
ZA-VN,ZA,VN,south-africa,vietnam,eVisa,90,25,USD,https://evisa.xuatnhapcanh.gov.vn/web/guest/trang-chu-ttdt,2026-09-04
ZM-GN,ZM,GN,zambia,guinea,eVisa,90,100,USD,https://www.paf.gov.gn/visa/,2026-09-04
ZM-IN,ZM,IN,zambia,india,eVisa,60,25,USD,https://indianvisaonline.gov.in/visa/tvoa.html,2026-09-04
ZM-KH,ZM,KH,zambia,cambodia,eVisa_or_voa,30,30,USD,https://www.evisa.gov.kh/,2026-09-04
ZM-VN,ZM,VN,zambia,vietnam,eVisa,90,25,USD,https://evisa.gov.vn,2026-09-04
ZW-GE,ZW,GE,zimbabwe,georgia,eVisa,30,,,https://www.evisa.gov.ge/,2026-09-04
ZW-IN,ZW,IN,zimbabwe,india,eVisa,60,25,USD,https://indianvisaonline.gov.in/visa/tvoa.html,2026-09-04
ZW-KH,ZW,KH,zimbabwe,cambodia,eVisa_or_voa,30,30,USD,https://www.evisa.gov.kh/,2026-09-04
ZW-TH,ZW,TH,zimbabwe,thailand,eVisa,60,,,https://www.thaievisa.go.th/,2026-09-04
ZW-VN,ZW,VN,zimbabwe,vietnam,eVisa,90,25,USD,https://evisa.xuatnhapcanh.gov.vn/web/guest/trang-chu-ttdt,2026-09-04
